{
  "1": [
    [
      100,
      0.42881,
      0.42881
    ],
    [
      235,
      0.198849,
      0.198849
    ],
    [
      459,
      0.198527,
      0.198527
    ],
    [
      219,
      0.266295,
      0.266295
    ],
    [
      481,
      0.105731,
      0.105731
    ],
    [
      99,
      0.439303,
      0.439303
    ]
  ],
  "0": [
    [
      235,
      0.198849,
      0.198849
    ],
    [
      270,
      0.236184,
      0.236184
    ],
    [
      317,
      0.241839,
      0.241839
    ],
    [
      659,
      0.364622,
      0.364622
    ],
    [
      459,
      0.199133,
      0.199133
    ],
    [
      700,
      0.15853,
      0.15853
    ],
    [
      499,
      0.257983,
      0.257983
    ],
    [
      649,
      0.321267,
      0.321267
    ],
    [
      229,
      0.331227,
      0.331227
    ],
    [
      700,
      0.195093,
      0.195093
    ],
    [
      481,
      0.105731,
      0.105731
    ],
    [
      459,
      0.202666,
      0.202666
    ],
    [
      270,
      0.3219,
      0.3219
    ],
    [
      455,
      0.212141,
      0.212141
    ],
    [
      481,
      0.236504,
      0.236504
    ],
    [
      270,
      0.241238,
      0.241238
    ],
    [
      459,
      0.198527,
      0.198527
    ],
    [
      229,
      0.282007,
      0.282007
    ],
    [
      541,
      0.243313,
      0.243313
    ],
    [
      270,
      0.236629,
      0.236629
    ],
    [
      541,
      0.521904,
      0.521904
    ],
    [
      649,
      0.225736,
      0.225736
    ],
    [
      481,
      0.239863,
      0.239863
    ],
    [
      317,
      0.276195,
      0.276195
    ],
    [
      809,
      0.384131,
      0.384131
    ],
    [
      317,
      0.244882,
      0.244882
    ],
    [
      541,
      0.295146,
      0.295146
    ],
    [
      481,
      0.393467,
      0.393467
    ],
    [
      659,
      0.728653,
      0.728653
    ],
    [
      235,
      0.248915,
      0.248915
    ],
    [
      700,
      0.671881,
      0.671881
    ],
    [
      659,
      0.563354,
      0.563354
    ],
    [
      235,
      0.304523,
      0.304523
    ],
    [
      459,
      0.477687,
      0.477687
    ],
    [
      700,
      0.868766,
      0.868766
    ],
    [
      700,
      0.897843,
      0.897843
    ],
    [
      700,
      0.675124,
      0.675124
    ],
    [
      700,
      0.934741,
      0.934741
    ],
    [
      229,
      0.525284,
      0.525284
    ],
    [
      700,
      0.69735,
      0.69735
    ],
    [
      481,
      0.643141,
      0.643141
    ],
    [
      317,
      0.615337,
      0.615337
    ],
    [
      228,
      0.329297,
      0.329297
    ],
    [
      372,
      0.712761,
      0.712761
    ],
    [
      99,
      0.439303,
      0.439303
    ],
    [
      145,
      0.76113,
      0.76113
    ],
    [
      219,
      0.266295,
      0.266295
    ],
    [
      239,
      0.770048,
      0.770048
    ],
    [
      385,
      0.768629,
      0.768629
    ],
    [
      700,
      0.918395,
      0.918395
    ],
    [
      385,
      0.794792,
      0.794792
    ],
    [
      499,
      0.401194,
      0.401194
    ],
    [
      700,
      0.81793,
      0.81793
    ],
    [
      239,
      0.850958,
      0.850958
    ],
    [
      700,
      0.952958,
      0.952958
    ],
    [
      372,
      0.846489,
      0.846489
    ],
    [
      219,
      0.423678,
      0.423678
    ],
    [
      218,
      1.120384,
      1.120384
    ],
    [
      100,
      0.42881,
      0.42881
    ],
    [
      499,
      0.435986,
      0.435986
    ],
    [
      229,
      0.527198,
      0.527198
    ],
    [
      169,
      1.503888,
      1.503888
    ],
    [
      169,
      1.285162,
      1.285162
    ],
    [
      229,
      0.593241,
      0.593241
    ],
    [
      219,
      0.819293,
      0.819293
    ],
    [
      700,
      1.01241,
      1.01241
    ],
    [
      229,
      0.514342,
      0.514342
    ],
    [
      145,
      0.910176,
      0.910176
    ],
    [
      700,
      1.536463,
      1.536463
    ],
    [
      499,
      0.435812,
      0.435812
    ],
    [
      100,
      0.818983,
      0.818983
    ],
    [
      700,
      1.189934,
      1.189934
    ],
    [
      481,
      1.006273,
      1.006273
    ],
    [
      700,
      1.295617,
      1.295617
    ]
  ]
}
