{
  "axis_y_labels": [
    0,
    1,
    2,
    3,
    4,
    5,
    6,
    7,
    8,
    9,
    10,
    11,
    12,
    13
  ],
  "table": {
    "0": [
      [
        2,
        1,
        1.1309718695817423
      ],
      [
        2,
        2,
        1.1358889433285868
      ],
      [
        2,
        3,
        1.1371177660887875
      ],
      [
        2,
        4,
        1.1361693432928288
      ],
      [
        2,
        5,
        1.315064919073892
      ],
      [
        2,
        6,
        1.0030990930904014
      ],
      [
        2,
        7,
        1.3136511990879676
      ],
      [
        2,
        8,
        1.3185426458447318
      ],
      [
        2,
        9,
        1.308030995238277
      ],
      [
        2,
        10,
        1.0019666079597924
      ],
      [
        2,
        11,
        1.0012713060958782
      ],
      [
        2,
        12,
        1.3116148914170327
      ],
      [
        2,
        13,
        1.0016896543531995
      ],
      [
        1,
        1,
        1.2339539305686233
      ],
      [
        1,
        2,
        1.2328245764888386
      ],
      [
        1,
        3,
        1.2308684486863326
      ],
      [
        1,
        4,
        1.234589883805032
      ],
      [
        1,
        5,
        1.1293380570416798
      ],
      [
        1,
        6,
        1.0037105115334408
      ],
      [
        1,
        7,
        1.1253190261688026
      ],
      [
        1,
        8,
        1.1295028101069142
      ],
      [
        1,
        9,
        1.128682823489954
      ],
      [
        1,
        10,
        1.0043851331753033
      ],
      [
        1,
        11,
        1.0042753450203432
      ],
      [
        1,
        12,
        1.1324795443170563
      ],
      [
        1,
        13,
        1.0675941243929632
      ]
    ]
  }
}
