{
  "axis_y_labels": [
    0,
    1,
    2,
    3,
    4,
    5,
    6,
    7,
    8,
    9,
    10,
    11,
    12,
    13
  ],
  "table": {
    "0": [
      [
        5,
        1,
        1.115790679235509
      ],
      [
        5,
        2,
        1.1053645661364828
      ],
      [
        5,
        3,
        1.0589322459483255
      ],
      [
        5,
        4,
        1.1059053507856804
      ],
      [
        5,
        5,
        1.0128683432004282
      ],
      [
        5,
        6,
        1.0105858778573191
      ],
      [
        5,
        7,
        1.0187281161321982
      ],
      [
        5,
        8,
        1.0123313122377744
      ],
      [
        5,
        9,
        1.0157367224909684
      ],
      [
        5,
        10,
        1.006025416022306
      ],
      [
        5,
        11,
        0.9706033459446328
      ],
      [
        5,
        12,
        0.9975380999674738
      ],
      [
        5,
        13,
        1.0037600748801063
      ],
      [
        6,
        1,
        1.1124024786477142
      ],
      [
        6,
        2,
        1.1127393216506953
      ],
      [
        6,
        3,
        1.057733215315139
      ],
      [
        6,
        4,
        1.1058886477403342
      ],
      [
        6,
        5,
        1.012190011324617
      ],
      [
        6,
        6,
        1.009325324535465
      ],
      [
        6,
        7,
        1.016125752273857
      ],
      [
        6,
        8,
        1.0172841224397589
      ],
      [
        6,
        9,
        1.0174032219005398
      ],
      [
        6,
        10,
        1.0125768452321753
      ],
      [
        6,
        11,
        0.9746214767695348
      ],
      [
        6,
        12,
        1.0042182921369334
      ],
      [
        6,
        13,
        1.0069124615984117
      ],
      [
        18,
        1,
        1.1137970113897417
      ],
      [
        18,
        2,
        1.1210715889475604
      ],
      [
        18,
        3,
        1.0580709918606883
      ],
      [
        18,
        4,
        1.111732700268208
      ],
      [
        18,
        5,
        1.0110372630524487
      ],
      [
        18,
        6,
        1.005321279179711
      ],
      [
        18,
        7,
        1.017726682705377
      ],
      [
        18,
        8,
        1.0127978890515685
      ],
      [
        18,
        9,
        1.0103151924686329
      ],
      [
        18,
        10,
        1.009934163537192
      ],
      [
        18,
        11,
        0.9679340571043759
      ],
      [
        18,
        12,
        1.007761236717089
      ],
      [
        18,
        13,
        1.0050459132171716
      ],
      [
        15,
        1,
        1.1146928724530383
      ],
      [
        15,
        2,
        1.1113505776362156
      ],
      [
        15,
        3,
        1.065845183839461
      ],
      [
        15,
        4,
        1.1125361775564766
      ],
      [
        15,
        5,
        1.0185658323205762
      ],
      [
        15,
        6,
        1.0136048565280733
      ],
      [
        15,
        7,
        1.0247091803683657
      ],
      [
        15,
        8,
        1.0186848845404841
      ],
      [
        15,
        9,
        1.013530245497238
      ],
      [
        15,
        10,
        1.0095282779005237
      ],
      [
        15,
        11,
        0.9701958132542814
      ],
      [
        15,
        12,
        1.008885957541483
      ],
      [
        15,
        13,
        1.0117497422530286
      ],
      [
        17,
        1,
        1.1157865894854115
      ],
      [
        17,
        2,
        1.1087076044434447
      ],
      [
        17,
        3,
        1.0617586995720862
      ],
      [
        17,
        4,
        1.1153222636504803
      ],
      [
        17,
        5,
        1.0095543318047822
      ],
      [
        17,
        6,
        1.011919025482288
      ],
      [
        17,
        7,
        1.0183089158358551
      ],
      [
        17,
        8,
        1.0151166088998143
      ],
      [
        17,
        9,
        1.0099719831735199
      ],
      [
        17,
        10,
        1.0072740051617097
      ],
      [
        17,
        11,
        0.9651305282376463
      ],
      [
        17,
        12,
        1.0053485714751689
      ],
      [
        17,
        13,
        1.0043069472524462
      ],
      [
        11,
        1,
        1.1195536691707886
      ],
      [
        11,
        2,
        1.1189620151247712
      ],
      [
        11,
        3,
        1.0609527432637509
      ],
      [
        11,
        4,
        1.113397401424953
      ],
      [
        11,
        5,
        1.0180954164950247
      ],
      [
        11,
        6,
        1.0159891135872683
      ],
      [
        11,
        7,
        1.02275991395003
      ],
      [
        11,
        8,
        1.0194275577093654
      ],
      [
        11,
        9,
        1.0195189050291689
      ],
      [
        11,
        10,
        1.0124858345864844
      ],
      [
        11,
        11,
        0.9806099468920846
      ],
      [
        11,
        12,
        1.0072876117054326
      ],
      [
        11,
        13,
        1.0134221740235325
      ],
      [
        1,
        1,
        1.1120829981993183
      ],
      [
        1,
        2,
        1.1175111914670295
      ],
      [
        1,
        3,
        1.0629157589602727
      ],
      [
        1,
        4,
        1.1187374167646402
      ],
      [
        1,
        5,
        1.0139246551735404
      ],
      [
        1,
        6,
        1.0128139285529991
      ],
      [
        1,
        7,
        1.0194446026933797
      ],
      [
        1,
        8,
        1.0133439652432457
      ],
      [
        1,
        9,
        1.016351533302912
      ],
      [
        1,
        10,
        1.0068883102810537
      ],
      [
        1,
        11,
        0.9700420387217259
      ],
      [
        1,
        12,
        1.0033748023981666
      ],
      [
        1,
        13,
        1.0077799690404519
      ],
      [
        16,
        1,
        1.1078522395840125
      ],
      [
        16,
        2,
        1.108186455113982
      ],
      [
        16,
        3,
        1.0620998384058205
      ],
      [
        16,
        4,
        1.1068349924666563
      ],
      [
        16,
        5,
        1.0156759073137143
      ],
      [
        16,
        6,
        1.013907223491514
      ],
      [
        16,
        7,
        1.0199432599261435
      ],
      [
        16,
        8,
        1.015462641192966
      ],
      [
        16,
        9,
        1.0127178962194243
      ],
      [
        16,
        10,
        1.0099090808340998
      ],
      [
        16,
        11,
        0.9825391217699099
      ],
      [
        16,
        12,
        1.0078051497695888
      ],
      [
        16,
        13,
        1.0093582944815438
      ],
      [
        14,
        1,
        1.1063959700125712
      ],
      [
        14,
        2,
        1.1125387310812158
      ],
      [
        14,
        3,
        1.0496031099338823
      ],
      [
        14,
        4,
        1.113118070754654
      ],
      [
        14,
        5,
        1.0105529094915264
      ],
      [
        14,
        6,
        1.0028658747876866
      ],
      [
        14,
        7,
        1.010379815141097
      ],
      [
        14,
        8,
        1.0064250898051745
      ],
      [
        14,
        9,
        1.007765225920185
      ],
      [
        14,
        10,
        1.0038397694351266
      ],
      [
        14,
        11,
        0.9710745944722659
      ],
      [
        14,
        12,
        0.9935251137752978
      ],
      [
        14,
        13,
        0.9977874994221985
      ],
      [
        4,
        1,
