{
  "axis_y_labels": [
    0,
    1,
    2,
    3,
    4,
    5,
    6,
    7,
    8,
    9,
    10,
    11,
    12,
    13
  ],
  "table": {
    "0": [
      [
        19,
        1,
        0.0
      ],
      [
        19,
        2,
        0.0
      ],
      [
        19,
        3,
        0.0
      ],
      [
        19,
        4,
        0.0
      ],
      [
        19,
        5,
        0.98631511164696
      ],
      [
        19,
        6,
        0.9947725149490347
      ],
      [
        19,
        7,
        0.9957656756146961
      ],
      [
        19,
        8,
        1.0191672166380028
      ],
      [
        19,
        9,
        0.989380891916956
      ],
      [
        19,
        10,
        0.0
      ],
      [
        19,
        11,
        0.0
      ],
      [
        19,
        12,
        0.8464900706784705
      ],
      [
        19,
        13,
        0.9988701651771021
      ],
      [
        20,
        1,
        0.0
      ],
      [
        20,
        2,
        0.0
      ],
      [
        20,
        3,
        0.0
      ],
      [
        20,
        4,
        0.0
      ],
      [
        20,
        5,
        1.0010425889484194
      ],
      [
        20,
        6,
        0.9931852141012963
      ],
      [
        20,
        7,
        0.999867548179063
      ],
      [
        20,
        8,
        1.0158381440608535
      ],
      [
        20,
        9,
        0.906678151429217
      ],
      [
        20,
        10,
        0.0
      ],
      [
        20,
        11,
        0.0
      ],
      [
        20,
        12,
        0.9230129594484289
      ],
      [
        20,
        13,
        0.9942522143543646
      ],
      [
        2,
        1,
        0.0
      ],
      [
        2,
        2,
        0.0
      ],
      [
        2,
        3,
        0.0
      ],
      [
        2,
        4,
        0.0
      ],
      [
        2,
        5,
        0.9941239231499968
      ],
      [
        2,
        6,
        0.9887205295056437
      ],
      [
        2,
        7,
        1.006219874106122
      ],
      [
        2,
        8,
        1.0041345739961978
      ],
      [
        2,
        9,
        0.9911118895556472
      ],
      [
        2,
        10,
        0.0
      ],
      [
        2,
        11,
        0.0
      ],
      [
        2,
        12,
        0.9271742099477629
      ],
      [
        2,
        13,
        0.9938759562884567
      ],
      [
        6,
        1,
        0.0
      ],
      [
        6,
        2,
        0.0
      ],
      [
        6,
        3,
        0.0
      ],
      [
        6,
        4,
        0.0
      ],
      [
        6,
        5,
        1.0090154223603558
      ],
      [
        6,
        6,
        1.003268073702309
      ],
      [
        6,
        7,
        1.0118901688096036
      ],
      [
        6,
        8,
        1.017922379819159
      ],
      [
        6,
        9,
        1.0038189256573624
      ],
      [
        6,
        10,
        0.0
      ],
      [
        6,
        11,
        0.0
      ],
      [
        6,
        12,
        0.942450781933767
      ],
      [
        6,
        13,
        0.9879107717202743
      ],
      [
        1,
        1,
        0.0
      ],
      [
        1,
        2,
        0.0
      ],
      [
        1,
        3,
        0.0
      ],
      [
        1,
        4,
        0.0
      ],
      [
        1,
        5,
        0.8896929612104373
      ],
      [
        1,
        6,
        0.9918077814974391
      ],
      [
        1,
        7,
        0.9942687522717368
      ],
      [
        1,
        8,
        0.9910156630364186
      ],
      [
        1,
        9,
        0.891246033721414
      ],
      [
        1,
        10,
        0.0
      ],
      [
        1,
        11,
        0.0
      ],
      [
        1,
        12,
        0.9732253313783725
      ],
      [
        1,
        13,
        0.7904655586942139
      ],
      [
        3,
        1,
        0.0
      ],
      [
        3,
        2,
        0.0
      ],
      [
        3,
        3,
        0.0
      ],
      [
        3,
        4,
        0.0
      ],
      [
        3,
        5,
        1.0012001413712486
      ],
      [
        3,
        6,
        0.971067745281113
      ],
      [
        3,
        7,
        0.9909575410340086
      ],
      [
        3,
        8,
        1.0128625781431597
      ],
      [
        3,
        9,
        0.883170049679861
      ],
      [
        3,
        10,
        0.0
      ],
      [
        3,
        11,
        0.0
      ],
      [
        3,
        12,
        0.9049397212240867
      ],
      [
        3,
        13,
        0.9802038706473337
      ],
      [
        5,
        1,
        0.0
      ],
      [
        5,
        2,
        0.0
      ],
      [
        5,
        3,
        0.0
      ],
      [
        5,
        4,
        0.0
      ],
      [
        5,
        5,
        0.9005568441057434
      ],
      [
        5,
        6,
        0.9929369322136494
      ],
      [
        5,
        7,
        0.9934226345315053
      ],
      [
        5,
        8,
        1.0174902680983293
      ],
      [
        5,
        9,
        0.9837467351191818
      ],
      [
        5,
        10,
        0.0
      ],
      [
        5,
        11,
        0.0
      ],
      [
        5,
        12,
        0.9199574609288906
      ],
      [
        5,
        13,
        0.9862184760978057
      ],
      [
        13,
        1,
        0.0
      ],
      [
        13,
        2,
        0.0
      ],
      [
        13,
        3,
        0.0
      ],
      [
        13,
        4,
        0.0
      ],
      [
        13,
        5,
        0.9730232394747121
      ],
      [
        13,
        6,
        0.9876043438482813
      ],
      [
        13,
        7,
        1.0079962135768454
      ],
      [
        13,
        8,
        1.0075414245115053
      ],
      [
        13,
        9,
        0.988856921377536
      ],
      [
        13,
        10,
        0.0
      ],
      [
        13,
        11,
        0.0
      ],
      [
        13,
        12,
        0.9423662819508725
      ],
      [
        13,
        13,
        0.994493552486898
      ],
      [
        15,
        1,
        0.0
      ],
      [
        15,
        2,
        0.0
      ],
      [
        15,
        3,
        0.0
      ],
      [
        15,
        4,
        0.0
      ],
      [
        15,
        5,
        0.949102878572164
      ],
      [
        15,
        6,
        0.987293480105545
      ],
      [
        15,
        7,
        0.9905623661017535
      ],
      [
        15,
        8,
        1.0041137013438968
      ],
      [
        15,
        9,
        0.9834415779464
      ],
      [
        15,
        10,
        0.0
      ],
      [
        15,
        11,
        0.0
      ],
      [
        15,
        12,
        0.9529107121187289
      ],
      [
        15,
        13,
        0.9819745186055552
      ],
      [
        8,
        1,
        0.0
      ],
      [
        8,
        2,
        0.0
      ],
      [
        8,
        3,
        0.0
      ],
      [
        8,
        4,
        0.0
      ],
      [
        8,
        5,
        0.9678747978896147
      ],
      [
        8,
        6,
        0.982913910948221
      ],
      [
        8,
        7,
        0.985057640268163
      ],
      [
        8,
        8,
        0.9975380262409158
      ],
      [
        8,
        9,
        0.8900150224065704
      ],
      [
        8,
        10,
        0.0
      ],
      [
        8,
        11,
        0.0
      ],
      [
        8,
        12,
        0.8913425480961471
      ],
      [
        8,
        13,
        0.9838806705575243
      ],
      [
        7,
        1,
        0.0
      ],
      [
        7,
        2,
        0.0
