{
  "axis_y_labels": [
    0,
    1,
    2,
    3,
    4,
    5,
    6,
    7,
    8,
    9,
    10,
    11,
    12,
    13
  ],
  "table": {
    "0": [
      [
        1,
        1,
        1.493414130514735
      ],
      [
        1,
        2,
        1.4345118321170691
      ],
      [
        1,
        3,
        1.8172413009680366
      ],
      [
        1,
        4,
        1.9344531108455894
      ],
      [
        1,
        5,
        1.631062207880879
      ],
      [
        1,
        6,
        1.7431454696092115
      ],
      [
        1,
        7,
        1.874245052377442
      ],
      [
        1,
        8,
        1.410243892429858
      ],
      [
        1,
        9,
        1.9066117548473027
      ],
      [
        1,
        10,
        1.3996341041593345
      ],
      [
        1,
        11,
        1.6749517063050146
      ],
      [
        1,
        12,
        1.7261313609520295
      ],
      [
        1,
        13,
        1.7791210955214154
      ],
      [
        5,
        1,
        1.266315812887271
      ],
      [
        5,
        2,
        1.127224367862712
      ],
      [
        5,
        3,
        1.1293292311776177
      ],
      [
        5,
        4,
        1.1056584532518265
      ],
      [
        5,
        5,
        1.1191050020157505
      ],
      [
        5,
        6,
        1.204751802802223
      ],
      [
        5,
        7,
        1.1114064901972176
      ],
      [
        5,
        8,
        1.285898207396229
      ],
      [
        5,
        9,
        1.2768063866069805
      ],
      [
        5,
        10,
        1.1299730162907888
      ],
      [
        5,
        11,
        1.273393372387864
      ],
      [
        5,
        12,
        1.25903613811901
      ],
      [
        5,
        13,
        1.2912966342561256
      ],
      [
        5,
        1,
        0.9238250970095648
      ],
      [
        5,
        2,
        0.9256917794470328
      ],
      [
        5,
        3,
        1.003910345738506
      ],
      [
        5,
        4,
        0.8550067417302172
      ],
      [
        5,
        5,
        1.002500751250536
      ],
      [
        5,
        6,
        0.9052456025188493
      ],
      [
        5,
        7,
        0.9128060094770679
      ],
      [
        5,
        8,
        0.9207586539403271
      ],
      [
        5,
        9,
        0.9161688042107952
      ],
      [
        5,
        10,
        0.7506990056583251
      ],
      [
        5,
        11,
        1.00944343015658
      ],
      [
        5,
        12,
        0.7989534944793296
      ],
      [
        5,
        13,
        0.7737937174730146
      ],
      [
        3,
        1,
        1.1296669972420548
      ],
      [
        3,
        2,
        1.0214696497066083
      ],
      [
        3,
        3,
        1.156881411659212
      ],
      [
        3,
        4,
        1.1227654132509162
      ],
      [
        3,
        5,
        1.1710135274728979
      ],
      [
        3,
        6,
        0.9857665203599338
      ],
      [
        3,
        7,
        0.946911761981835
      ],
      [
        3,
        8,
        1.0911107638739266
      ],
      [
        3,
        9,
        1.2027308302572317
      ],
      [
        3,
        10,
        1.0481648416927758
      ],
      [
        3,
        11,
        0.9461734183621753
      ],
      [
        3,
        12,
        1.0509239510051267
      ],
      [
        3,
        13,
        1.0346269561818697
      ],
      [
        7,
        1,
        1.205296864596666
      ],
      [
        7,
        2,
        1.0456737788063286
      ],
      [
        7,
        3,
        1.0635967615691542
      ],
      [
        7,
        4,
        1.0656079507846965
      ],
      [
        7,
        5,
        1.2172777171958127
      ],
      [
        7,
        6,
        1.1988787712419053
      ],
      [
        7,
        7,
        1.057774694008453
      ],
      [
        7,
        8,
        1.2158221665020055
      ],
      [
        7,
        9,
        1.0385484852275384
      ],
      [
        7,
        10,
        1.2269364180096671
      ],
      [
        7,
        11,
        1.0401598201609956
      ],
      [
        7,
        12,
        1.044417330194485
      ],
      [
        7,
        13,
        1.2113552798487026
      ],
      [
        6,
        1,
        1.1927089545711174
      ],
      [
        6,
        2,
        1.0157434254651285
      ],
      [
        6,
        3,
        1.2224110637404508
      ],
      [
        6,
        4,
        1.0593019539013688
      ],
      [
        6,
        5,
        1.0307001118029409
      ],
      [
        6,
        6,
        1.112937668990612
      ],
      [
        6,
        7,
        1.1550833478368683
      ],
      [
        6,
        8,
        1.061387328836287
      ],
      [
        6,
        9,
        1.0341696608724142
      ],
      [
        6,
        10,
        0.8839917814752208
      ],
      [
        6,
        11,
        1.0978538960577933
      ],
      [
        6,
        12,
        0.9352726000230962
      ],
      [
        6,
        13,
        1.1129579840487758
      ],
      [
        2,
        1,
        0.851759727511931
      ],
      [
        2,
        2,
        0.8756478995584686
      ],
      [
        2,
        3,
        0.8883548328832099
      ],
      [
        2,
        4,
        1.0380755374107347
      ],
      [
        2,
        5,
        1.0445560121571646
      ],
      [
        2,
        6,
        1.0283751749161412
      ],
      [
        2,
        7,
        1.0420783236202755
      ],
      [
        2,
        8,
        1.0394068992938323
      ],
      [
        2,
        9,
        0.8759403206804661
      ],
      [
        2,
        10,
        1.056521767186337
      ],
      [
        2,
        11,
        0.8308924907465131
      ],
      [
        2,
        12,
        0.764009607170184
      ],
      [
        2,
        13,
        0.8865470889078753
      ],
      [
        8,
        1,
        0.9831446814030046
      ],
      [
        8,
        2,
        1.0257538965914286
      ],
      [
        8,
        3,
        0.8814379803652953
      ],
      [
        8,
        4,
        0.9044493632129795
      ],
      [
        8,
        5,
        1.0555964913177938
      ],
      [
        8,
        6,
        0.9173513314852749
      ],
      [
        8,
        7,
        1.0243049480393076
      ],
      [
        8,
        8,
        1.0379224209325286
      ],
      [
        8,
        9,
        0.9401849807687882
      ],
      [
        8,
        10,
        1.0358871430077052
      ],
      [
        8,
        11,
        0.926619666509539
      ],
      [
        8,
        12,
        1.0104127402052951
      ],
      [
        8,
        13,
        0.9907399076895393
      ],
      [
        9,
        1,
        1.1396655538347116
      ],
      [
        9,
        2,
        1.2925000061169036
      ],
      [
        9,
        3,
        1.2692506180288932
      ],
      [
        9,
        4,
        1.2507632396444832
      ],
      [
        9,
        5,
        1.2527090038652333
      ],
      [
        9,
        6,
        1.1204763465953604
      ],
      [
        9,
        7,
        1.409332631010196
      ],
      [
        9,
        8,
        1.4071830682173276
      ],
      [
        9,
        9,
        1.3316211488865046
      ],
      [
        9,
        10,
        1.1364691776731206
      ],
      [
        9,
        11,
        1.2435920597109216
      ],
      [
        9,
        12,
        1.3514976367739993
      ],
      [
        9,
        13,
        1.259395164044735
      ]
    ]
  }
}
