{
  "axis_y_labels": [
    0,
    1,
    2,
    3,
    4,
    5,
    6,
    7,
    8,
    9,
    10,
    11,
    12,
    13
  ],
  "table": {
    "0": [
      [
        15,
        1,
        1.3176068943899317
      ],
      [
        15,
        2,
        1.241418673743844
      ],
      [
        15,
        3,
        0.836346794883514
      ],
      [
        15,
        4,
        1.533071023585164
      ],
      [
        15,
        5,
        1.0666450432311112
      ],
      [
        15,
        6,
        1.0097838862942816
      ],
      [
        15,
        7,
        1.0302279107073755
      ],
      [
        15,
        8,
        1.1135505020870653
      ],
      [
        15,
        9,
        0.9783300625383602
      ],
      [
        15,
        10,
        0.7584394780674333
      ],
      [
        15,
        11,
        0.7361586068617736
      ],
      [
        15,
        12,
        1.0042679301544908
      ],
      [
        15,
        13,
        0.7707655500600923
      ],
      [
        18,
        1,
        1.3367097921999085
      ],
      [
        18,
        2,
        1.3004308895571997
      ],
      [
        18,
        3,
        0.9753994368116604
      ],
      [
        18,
        4,
        1.5318471468741282
      ],
      [
        18,
        5,
        1.193666296978461
      ],
      [
        18,
        6,
        1.037457050983754
      ],
      [
        18,
        7,
        1.0701718126131785
      ],
      [
        18,
        8,
        1.1886751600414127
      ],
      [
        18,
        9,
        1.0780000004830461
      ],
      [
        18,
        10,
        0.8146776597450527
      ],
      [
        18,
        11,
        0.8206131329423019
      ],
      [
        18,
        12,
        1.0659899513713629
      ],
      [
        18,
        13,
        0.8157564191124618
      ],
      [
        5,
        1,
        1.2757845606684117
      ],
      [
        5,
        2,
        1.2867071863192518
      ],
      [
        5,
        3,
        0.9034389283238788
      ],
      [
        5,
        4,
        1.447639106103984
      ],
      [
        5,
        5,
        1.082004335095341
      ],
      [
        5,
        6,
        1.0026863258762941
      ],
      [
        5,
        7,
        1.0065276264967433
      ],
      [
        5,
        8,
        1.0914119469436605
      ],
      [
        5,
        9,
        1.0011861233263348
      ],
      [
        5,
        10,
        0.7449178423990838
      ],
      [
        5,
        11,
        0.7619321266627603
      ],
      [
        5,
        12,
        0.9975564788870822
      ],
      [
        5,
        13,
        0.7446568304582085
      ],
      [
        2,
        1,
        1.2035892922161673
      ],
      [
        2,
        2,
        1.2066509216724994
      ],
      [
        2,
        3,
        0.9178492894262819
      ],
      [
        2,
        4,
        1.2490573841852421
      ],
      [
        2,
        5,
        1.0352506884822337
      ],
      [
        2,
        6,
        0.9971179748239795
      ],
      [
        2,
        7,
        1.0023473278601251
      ],
      [
        2,
        8,
        1.0314975760881984
      ],
      [
        2,
        9,
        1.0054442217517763
      ],
      [
        2,
        10,
        0.8083495359071111
      ],
      [
        2,
        11,
        0.8279673429100576
      ],
      [
        2,
        12,
        0.9399336708460666
      ],
      [
        2,
        13,
        0.8076869120174488
      ],
      [
        12,
        1,
        1.2931459402810608
      ],
      [
        12,
        2,
        1.301661547913773
      ],
      [
        12,
        3,
        0.9092984215689887
      ],
      [
        12,
        4,
        1.513476729273219
      ],
      [
        12,
        5,
        1.1272204934533072
      ],
      [
        12,
        6,
        1.0043021283684446
      ],
      [
        12,
        7,
        1.005850644522677
      ],
      [
        12,
        8,
        1.139856510572638
      ],
      [
        12,
        9,
        1.0190168131325117
      ],
      [
        12,
        10,
        0.7527362334856672
      ],
      [
        12,
        11,
        0.7683913641436124
      ],
      [
        12,
        12,
        1.017001442703783
      ],
      [
        12,
        13,
        0.7529557416197756
      ],
      [
        16,
        1,
        1.1443096159964223
      ],
      [
        16,
        2,
        1.0972413697274292
      ],
      [
        16,
        3,
        0.9319139147252198
      ],
      [
        16,
        4,
        1.5200275649989665
      ],
      [
        16,
        5,
        1.1494015785624359
      ],
      [
        16,
        6,
        1.0245901786603657
      ],
      [
        16,
        7,
        1.0022322391807572
      ],
      [
        16,
        8,
        1.0871605579973571
      ],
      [
        16,
        9,
        0.9920826625540788
      ],
      [
        16,
        10,
        0.7542447276679362
      ],
      [
        16,
        11,
        0.6771283960988728
      ],
      [
        16,
        12,
        1.0196117576784045
      ],
      [
        16,
        13,
        0.7652766164786654
      ],
      [
        3,
        1,
        1.2605974542741916
      ],
      [
        3,
        2,
        1.260928019367713
      ],
      [
        3,
        3,
        0.9031430782228957
      ],
      [
        3,
        4,
        1.3533839266457222
      ],
      [
        3,
        5,
        1.0580109079685966
      ],
      [
        3,
        6,
        0.999995179974723
      ],
      [
        3,
        7,
        1.001105312729111
      ],
      [
        3,
        8,
        1.0531701264683289
      ],
      [
        3,
        9,
        0.9996790677163103
      ],
      [
        3,
        10,
        0.7618288655424578
      ],
      [
        3,
        11,
        0.7811697599063827
      ],
      [
        3,
        12,
        0.9968486133177868
      ],
      [
        3,
        13,
        0.7607417930819321
      ],
      [
        14,
        1,
        1.2737043592243158
      ],
      [
        14,
        2,
        1.2765976569513529
      ],
      [
        14,
        3,
        0.8327838839467789
      ],
      [
        14,
        4,
        1.4883114876398198
      ],
      [
        14,
        5,
        1.1259872852293307
      ],
      [
        14,
        6,
        0.9465917683052294
      ],
      [
        14,
        7,
        0.9476852246148907
      ],
      [
        14,
        8,
        1.0559941482901392
      ],
      [
        14,
        9,
        0.9958569515848461
      ],
      [
        14,
        10,
        0.7376773595991676
      ],
      [
        14,
        11,
        0.7627471449639548
      ],
      [
        14,
        12,
        0.8583568513632659
      ],
      [
        14,
        13,
        0.7371554076895656
      ],
      [
        20,
        1,
        1.1778137809880385
      ],
      [
        20,
        2,
        1.2741371211659205
      ],
      [
        20,
        3,
        0.9579999245343302
      ],
      [
        20,
        4,
        1.4533604463602598
      ],
      [
        20,
        5,
        1.1223567623284931
      ],
      [
        20,
        6,
        0.9651586969712079
      ],
      [
        20,
        7,
        1.04685433113151
      ],
      [
        20,
        8,
        1.1275291613272242
      ],
      [
        20,
        9,
        1.0374239302859332
      ],
      [
        20,
        10,
        0.8167639633892719
      ],
      [
        20,
        11,
        0.8386836781903089
      ],
      [
        20,
        12,
        1.0532564421756216
      ],
      [
        20,
        13,
        0.7817535492770856
      ],
      [
        11,
