{
  "axis_y_labels": [
    0,
    1,
    2,
    3,
    4,
    5,
    6,
    7,
    8,
    9,
    10,
    11,
    12,
    13
  ],
  "table": {
    "0": [
      [
        4,
        1,
        0.9804795012234947
      ],
      [
        4,
        2,
        0.9820867562368013
      ],
      [
        4,
        3,
        1.0051149306440572
      ],
      [
        4,
        4,
        1.411793679426345
      ],
      [
        4,
        5,
        1.476596119854172
      ],
      [
        4,
        6,
        1.1580117114458033
      ],
      [
        4,
        7,
        1.4823211678034005
      ],
      [
        4,
        8,
        1.5347705958846478
      ],
      [
        4,
        9,
        1.4401786321844
      ],
      [
        4,
        10,
        0.9958374863670804
      ],
      [
        4,
        11,
        0.9129422950551738
      ],
      [
        4,
        12,
        1.0078424024999084
      ],
      [
        4,
        13,
        0.872644835413137
      ],
      [
        10,
        1,
        0.9810085125135809
      ],
      [
        10,
        2,
        0.9810182649704631
      ],
      [
        10,
        3,
        0.9994961069578058
      ],
      [
        10,
        4,
        1.4066283560676307
      ],
      [
        10,
        5,
        1.4749059851593982
      ],
      [
        10,
        6,
        1.1600303521709971
      ],
      [
        10,
        7,
        1.47448990950734
      ],
      [
        10,
        8,
        1.5355929813837894
      ],
      [
        10,
        9,
        1.4380751191771097
      ],
      [
        10,
        10,
        0.9990652384208978
      ],
      [
        10,
        11,
        0.9135347324850837
      ],
      [
        10,
        12,
        1.006557003827469
      ],
      [
        10,
        13,
        0.8694476757478848
      ],
      [
        18,
        1,
        0.9755233993501637
      ],
      [
        18,
        2,
        0.977021354337756
      ],
      [
        18,
        3,
        0.9999770581503813
      ],
      [
        18,
        4,
        1.4045833189558925
      ],
      [
        18,
        5,
        1.4724781626816685
      ],
      [
        18,
        6,
        1.156698075521689
      ],
      [
        18,
        7,
        1.4690422336889728
      ],
      [
        18,
        8,
        1.5274628847666278
      ],
      [
        18,
        9,
        1.4312572710562597
      ],
      [
        18,
        10,
        0.9907592990355483
      ],
      [
        18,
        11,
        0.9058261511970043
      ],
      [
        18,
        12,
        1.0009759009174017
      ],
      [
        18,
        13,
        0.8681099905775539
      ],
      [
        16,
        1,
        0.9797780349358941
      ],
      [
        16,
        2,
        0.9797646640217617
      ],
      [
        16,
        3,
        1.00086656849763
      ],
      [
        16,
        4,
        1.4047042922260697
      ],
      [
        16,
        5,
        1.4788420633699908
      ],
      [
        16,
        6,
        1.1615680428056006
      ],
      [
        16,
        7,
        1.4788580726517835
      ],
      [
        16,
        8,
        1.5275844095979643
      ],
      [
        16,
        9,
        1.4373968163500919
      ],
      [
        16,
        10,
        0.9978286906628321
      ],
      [
        16,
        11,
        0.9089644950783051
      ],
      [
        16,
        12,
        1.0052662149001195
      ],
      [
        16,
        13,
        0.8719239866917847
      ],
      [
        6,
        1,
        0.9714371291207884
      ],
      [
        6,
        2,
        0.9766992678545596
      ],
      [
        6,
        3,
        0.9950341352178728
      ],
      [
        6,
        4,
        1.3992223325100266
      ],
      [
        6,
        5,
        1.4753363771514234
      ],
      [
        6,
        6,
        1.1585675522948025
      ],
      [
        6,
        7,
        1.475413455151883
      ],
      [
        6,
        8,
        1.53015012870015
      ],
      [
        6,
        9,
        1.4330394106777529
      ],
      [
        6,
        10,
        0.9951406067666664
      ],
      [
        6,
        11,
        0.9098164607670316
      ],
      [
        6,
        12,
        1.0021083064548062
      ],
      [
        6,
        13,
        0.8694413107408819
      ],
      [
        2,
        1,
        0.9753919347055563
      ],
      [
        2,
        2,
        0.973002703242754
      ],
      [
        2,
        3,
        1.0000209750431421
      ],
      [
        2,
        4,
        1.3998351402512978
      ],
      [
        2,
        5,
        1.4730844020592089
      ],
      [
        2,
        6,
        1.1521821384570934
      ],
      [
        2,
        7,
        1.472430733810898
      ],
      [
        2,
        8,
        1.5264225265964648
      ],
      [
        2,
        9,
        1.4319175511103055
      ],
      [
        2,
        10,
        0.9935201005233517
      ],
      [
        2,
        11,
        0.9098082902813706
      ],
      [
        2,
        12,
        1.0009785191645817
      ],
      [
        2,
        13,
        0.8649367242616145
      ],
      [
        20,
        1,
        0.9797400200646171
      ],
      [
        20,
        2,
        0.9811182041699722
      ],
      [
        20,
        3,
        0.9991285302044791
      ],
      [
        20,
        4,
        1.4025541712619236
      ],
      [
        20,
        5,
        1.4739102226012206
      ],
      [
        20,
        6,
        1.1618690049972649
      ],
      [
        20,
        7,
        1.4796158426852664
      ],
      [
        20,
        8,
        1.5370209649010786
      ],
      [
        20,
        9,
        1.440289762533625
      ],
      [
        20,
        10,
        0.9942214369788134
      ],
      [
        20,
        11,
        0.9136653662108228
      ],
      [
        20,
        12,
        1.0054981707091528
      ],
      [
        20,
        13,
        0.8690267442991503
      ],
      [
        5,
        1,
        0.97341500579272
      ],
      [
        5,
        2,
        0.9706757508237486
      ],
      [
        5,
        3,
        1.001727451046173
      ],
      [
        5,
        4,
        1.4067687283579082
      ],
      [
        5,
        5,
        1.470727818713702
      ],
      [
        5,
        6,
        1.1537461636694037
      ],
      [
        5,
        7,
        1.4779161359428994
      ],
      [
        5,
        8,
        1.5246392083805913
      ],
      [
        5,
        9,
        1.435521714561165
      ],
      [
        5,
        10,
        0.9968486342917348
      ],
      [
        5,
        11,
        0.9114010027189887
      ],
      [
        5,
        12,
        1.0004943652271447
      ],
      [
        5,
        13,
        0.8710679270273238
      ],
      [
        19,
        1,
        0.9812817065409555
      ],
      [
        19,
        2,
        0.979837167610576
      ],
      [
        19,
        3,
        1.002966914493785
      ],
      [
        19,
        4,
        1.4031576897333038
      ],
      [
        19,
        5,
        1.4821547947941731
      ],
      [
        19,
        6,
        1.1638654211094195
      ],
      [
        19,
        7,
        1.4822477327064467
      ],
      [
        19,
        8,
        1.5365137334686576
      ],
      [
        19,
        9,
        1.4398312206914905
      ],
      [
        19,
        10,
        0.9981704942148929
      ],
      [
        19,
        11,
        0.9097658803237227
      ],
      [
        19,
        12,
        1.0071969267736898
      ],
      [
        19,
        13,
        0.8697044432499784
      ],
      [
        15,
        1,
