{
  "axis_y_labels": [
    0,
    1,
    2,
    3,
    4,
    5,
    6,
    7,
    8,
    9,
    10,
    11,
    12,
    13
  ],
  "table": {
    "0": [
      [
        19,
        1,
        0.9887911646695026
      ],
      [
        19,
        2,
        0.9905835163440484
      ],
      [
        19,
        3,
        0.9902309470444821
      ],
      [
        19,
        4,
        0.9933740239384972
      ],
      [
        19,
        5,
        0.995249103771986
      ],
      [
        19,
        6,
        0.9902789556780806
      ],
      [
        19,
        7,
        0.9977183738511344
      ],
      [
        19,
        8,
        0.9995250373597426
      ],
      [
        19,
        9,
        0.9957391051757518
      ],
      [
        19,
        10,
        0.9987020144185527
      ],
      [
        19,
        11,
        0.9980154129717416
      ],
      [
        19,
        12,
        0.9906396164992097
      ],
      [
        19,
        13,
        0.9957049360938173
      ],
      [
        20,
        1,
        0.9931674307953726
      ],
      [
        20,
        2,
        0.9950901404617011
      ],
      [
        20,
        3,
        0.9895630419255416
      ],
      [
        20,
        4,
        1.001710385206108
      ],
      [
        20,
        5,
        1.000743744826785
      ],
      [
        20,
        6,
        0.9952085032633633
      ],
      [
        20,
        7,
        1.0002589921369702
      ],
      [
        20,
        8,
        1.0043849534647704
      ],
      [
        20,
        9,
        0.9998041197541423
      ],
      [
        20,
        10,
        1.0026660424503704
      ],
      [
        20,
        11,
        1.002916926609878
      ],
      [
        20,
        12,
        0.9910481087234283
      ],
      [
        20,
        13,
        1.0002535105065287
      ],
      [
        2,
        1,
        0.9883862598147656
      ],
      [
        2,
        2,
        0.9887167926319768
      ],
      [
        2,
        3,
        0.988703121503205
      ],
      [
        2,
        4,
        0.9974986863608346
      ],
      [
        2,
        5,
        0.9980121658304675
      ],
      [
        2,
        6,
        0.9906588889926551
      ],
      [
        2,
        7,
        0.9998711462073119
      ],
      [
        2,
        8,
        0.999698426505079
      ],
      [
        2,
        9,
        1.0000208227406706
      ],
      [
        2,
        10,
        0.9999284219685513
      ],
      [
        2,
        11,
        0.9978519497174301
      ],
      [
        2,
        12,
        0.9886517821954972
      ],
      [
        2,
        13,
        0.9999702695300182
      ],
      [
        6,
        1,
        0.9880836639500612
      ],
      [
        6,
        2,
        0.9882892262244812
      ],
      [
        6,
        3,
        0.9906084310064078
      ],
      [
        6,
        4,
        0.9976282838436376
      ],
      [
        6,
        5,
        0.9996703996024513
      ],
      [
        6,
        6,
        0.9906358086628493
      ],
      [
        6,
        7,
        0.9978155142019415
      ],
      [
        6,
        8,
        0.9993619891097127
      ],
      [
        6,
        9,
        0.9993867116877807
      ],
      [
        6,
        10,
        0.9975718457575055
      ],
      [
        6,
        11,
        0.9977375435079028
      ],
      [
        6,
        12,
        0.988353934119263
      ],
      [
        6,
        13,
        0.999971595102387
      ],
      [
        1,
        1,
        0.9859821887480726
      ],
      [
        1,
        2,
        0.9913076663848982
      ],
      [
        1,
        3,
        0.9881935742697391
      ],
      [
        1,
        4,
        0.9983968317758818
      ],
      [
        1,
        5,
        1.0004556733154115
      ],
      [
        1,
        6,
        0.9892287009912116
      ],
      [
        1,
        7,
        0.9962731586286557
      ],
      [
        1,
        8,
        0.9964026279742942
      ],
      [
        1,
        9,
        1.0006097890783316
      ],
      [
        1,
        10,
        0.9929683211412297
      ],
      [
        1,
        11,
        1.0008309946489304
      ],
      [
        1,
        12,
        0.9919842348704899
      ],
      [
        1,
        13,
        0.9985205843737294
      ],
      [
        3,
        1,
        0.9877808468546159
      ],
      [
        3,
        2,
        0.9891184672236869
      ],
      [
        3,
        3,
        0.9887334971812047
      ],
      [
        3,
        4,
        0.9960083731121135
      ],
      [
        3,
        5,
        0.9980936491218884
      ],
      [
        3,
        6,
        0.9849033458829943
      ],
      [
        3,
        7,
        0.9998826884222652
      ],
      [
        3,
        8,
        0.9999154683361838
      ],
      [
        3,
        9,
        0.9947967048875227
      ],
      [
        3,
        10,
        0.9950003091619544
      ],
      [
        3,
        11,
        0.9901335319871858
      ],
      [
        3,
        12,
        0.9905821512264099
      ],
      [
        3,
        13,
        0.9943679008164712
      ],
      [
        5,
        1,
        0.9930148860929991
      ],
      [
        5,
        2,
        0.9910398109467143
      ],
      [
        5,
        3,
        0.9889337870451907
      ],
      [
        5,
        4,
        0.9994413561684925
      ],
      [
        5,
        5,
        0.9978220393578746
      ],
      [
        5,
        6,
        0.988791313101688
      ],
      [
        5,
        7,
        1.0002656197706108
      ],
      [
        5,
        8,
        1.001337348455833
      ],
      [
        5,
        9,
        1.0022838167892623
      ],
      [
        5,
        10,
        0.9970974285815059
      ],
      [
        5,
        11,
        1.0021802427028905
      ],
      [
        5,
        12,
        0.9930788217218917
      ],
      [
        5,
        13,
        0.9969999038898245
      ],
      [
        13,
        1,
        0.9853521728483001
      ],
      [
        13,
        2,
        0.9906906000149681
      ],
      [
        13,
        3,
        0.9903884965209215
      ],
      [
        13,
        4,
        0.9956901496894794
      ],
      [
        13,
        5,
        0.9999619281206938
      ],
      [
        13,
        6,
        0.9911701054101026
      ],
      [
        13,
        7,
        0.9998218204466361
      ],
      [
        13,
        8,
        1.00036599950979
      ],
      [
        13,
        9,
        1.000354036478118
      ],
      [
        13,
        10,
        1.0000716312083815
      ],
      [
        13,
        11,
        1.0001299082042305
      ],
      [
        13,
        12,
        0.9902047618678147
      ],
      [
        13,
        13,
        0.9959406898296036
      ],
      [
        15,
        1,
        0.9878550578746041
      ],
      [
        15,
        2,
        0.9906118488474968
      ],
      [
        15,
        3,
        0.9896648896880135
      ],
      [
        15,
        4,
        0.9971511986150056
      ],
      [
        15,
        5,
        0.9975029896876977
      ],
      [
        15,
        6,
        0.9904586554283852
      ],
      [
        15,
        7,
        1.0000827253801468
      ],
      [
        15,
        8,
        0.992578021958166
      ],
      [
        15,
        9,
        0.9992305199821937
      ],
      [
        15,
        10,
        0.9975598208579641
      ],
      [
        15,
        11,
        0.9965887096476758
      ],
      [
        15,
        12,
        0.990504971567126
      ],
      [
        15,
        13,
        0.9994817525202333
      ],
      [
        8,
        1,
