{
  "axis_y_labels": [
    0,
    1,
    2,
    3,
    4,
    5,
    6,
    7,
    8,
    9,
    10,
    11,
    12,
    13
  ],
  "table": {
    "0": [
      [
        19,
        1,
        1.021283469734812
      ],
      [
        19,
        2,
        1.0255223847229717
      ],
      [
        19,
        3,
        1.0284213056499873
      ],
      [
        19,
        4,
        1.0266072612339903
      ],
      [
        19,
        5,
        1.0036533519664141
      ],
      [
        19,
        6,
        1.0077360700082236
      ],
      [
        19,
        7,
        0.9997214594173138
      ],
      [
        19,
        8,
        0.9980044889313063
      ],
      [
        19,
        9,
        1.0003098708400189
      ],
      [
        19,
        10,
        1.0039391045240291
      ],
      [
        19,
        11,
        1.0151696325615616
      ],
      [
        19,
        12,
        1.0013538104051423
      ],
      [
        19,
        13,
        0.9858753760450877
      ],
      [
        20,
        1,
        1.0112414087013621
      ],
      [
        20,
        2,
        1.0078935997129486
      ],
      [
        20,
        3,
        1.0109497043579823
      ],
      [
        20,
        4,
        1.01207208070674
      ],
      [
        20,
        5,
        1.0016549789650178
      ],
      [
        20,
        6,
        1.000612957010891
      ],
      [
        20,
        7,
        0.9950025274033684
      ],
      [
        20,
        8,
        0.9983535521220832
      ],
      [
        20,
        9,
        0.9968068098455672
      ],
      [
        20,
        10,
        0.9993900504311887
      ],
      [
        20,
        11,
        1.0075290592773969
      ],
      [
        20,
        12,
        0.9996915447212407
      ],
      [
        20,
        13,
        0.988128870025011
      ],
      [
        2,
        1,
        1.0193728429041857
      ],
      [
        2,
        2,
        1.0229908110530912
      ],
      [
        2,
        3,
        1.0153909195704567
      ],
      [
        2,
        4,
        1.0242395080672155
      ],
      [
        2,
        5,
        0.9999527179148534
      ],
      [
        2,
        6,
        0.9958856858931108
      ],
      [
        2,
        7,
        0.9966926812122843
      ],
      [
        2,
        8,
        0.9963156955864378
      ],
      [
        2,
        9,
        0.9901878226197798
      ],
      [
        2,
        10,
        0.9940599811377518
      ],
      [
        2,
        11,
        0.9109966989635763
      ],
      [
        2,
        12,
        0.9908221619022368
      ],
      [
        2,
        13,
        0.984302595396196
      ],
      [
        6,
        1,
        1.0154864617810455
      ],
      [
        6,
        2,
        1.0138701053368468
      ],
      [
        6,
        3,
        1.0124274502527646
      ],
      [
        6,
        4,
        1.009634815956319
      ],
      [
        6,
        5,
        1.000546584490331
      ],
      [
        6,
        6,
        1.0045806710659897
      ],
      [
        6,
        7,
        0.9986545352417147
      ],
      [
        6,
        8,
        0.995658390708422
      ],
      [
        6,
        9,
        0.9967091364750476
      ],
      [
        6,
        10,
        0.9999993971466954
      ],
      [
        6,
        11,
        1.0014797808563893
      ],
      [
        6,
        12,
        0.9904175139352757
      ],
      [
        6,
        13,
        0.9832618543464694
      ],
      [
        1,
        1,
        1.053689324537733
      ],
      [
        1,
        2,
        1.0520689590296806
      ],
      [
        1,
        3,
        1.0474327988086654
      ],
      [
        1,
        4,
        1.0576960467102836
      ],
      [
        1,
        5,
        1.0037073384584825
      ],
      [
        1,
        6,
        1.0161736026581905
      ],
      [
        1,
        7,
        1.002560280318744
      ],
      [
        1,
        8,
        0.9953300269107148
      ],
      [
        1,
        9,
        0.9802345580587456
      ],
      [
        1,
        10,
        0.9975897488182205
      ],
      [
        1,
        11,
        1.0058315292668751
      ],
      [
        1,
        12,
        0.9891364831214482
      ],
      [
        1,
        13,
        0.9659088935267978
      ],
      [
        3,
        1,
        1.0436100648932212
      ],
      [
        3,
        2,
        1.035158161035093
      ],
      [
        3,
        3,
        1.0438146153727885
      ],
      [
        3,
        4,
        0.9859158248183577
      ],
      [
        3,
        5,
        1.0313549207897552
      ],
      [
        3,
        6,
        1.0316764653877424
      ],
      [
        3,
        7,
        1.023468195339007
      ],
      [
        3,
        8,
        1.0257069966878354
      ],
      [
        3,
        9,
        1.0328864909523232
      ],
      [
        3,
        10,
        1.0248842936828526
      ],
      [
        3,
        11,
        1.0397972053612679
      ],
      [
        3,
        12,
        1.029069213593994
      ],
      [
        3,
        13,
        1.0222714586307635
      ],
      [
        5,
        1,
        1.0177815728094928
      ],
      [
        5,
        2,
        1.004751164000104
      ],
      [
        5,
        3,
        1.0167162468511912
      ],
      [
        5,
        4,
        1.013145410240078
      ],
      [
        5,
        5,
        1.0055578025815533
      ],
      [
        5,
        6,
        1.0070498603723703
      ],
      [
        5,
        7,
        0.9945112030148432
      ],
      [
        5,
        8,
        0.9986798026171518
      ],
      [
        5,
        9,
        1.0064137013011019
      ],
      [
        5,
        10,
        0.995294761029273
      ],
      [
        5,
        11,
        1.0084079351610018
      ],
      [
        5,
        12,
        1.0005251467540677
      ],
      [
        5,
        13,
        1.000781085992069
      ],
      [
        13,
        1,
        1.0370381571431777
      ],
      [
        13,
        2,
        1.0330078382797712
      ],
      [
        13,
        3,
        1.0359027889521575
      ],
      [
        13,
        4,
        1.0410941824801137
      ],
      [
        13,
        5,
        1.0153830420618448
      ],
      [
        13,
        6,
        1.010634538611427
      ],
      [
        13,
        7,
        1.0079152519962622
      ],
      [
        13,
        8,
        1.0116180330478137
      ],
      [
        13,
        9,
        1.001419461088511
      ],
      [
        13,
        10,
        1.0049566569475932
      ],
      [
        13,
        11,
        1.010894186204716
      ],
      [
        13,
        12,
        0.9911584811364806
      ],
      [
        13,
        13,
        0.9842525339216595
      ],
      [
        15,
        1,
        1.050417797517029
      ],
      [
        15,
        2,
        1.037470233610515
      ],
      [
        15,
        3,
        1.0403322443867093
      ],
      [
        15,
        4,
        1.055384340005033
      ],
      [
        15,
        5,
        1.0067782212018201
      ],
      [
        15,
        6,
        1.0120812380166848
      ],
      [
        15,
        7,
        0.9990002598052239
      ],
      [
        15,
        8,
        0.996082088181055
      ],
      [
        15,
        9,
        0.990729353788524
      ],
      [
        15,
        10,
        1.0032301349741128
      ],
      [
        15,
        11,
        1.012282750770569
      ],
      [
        15,
        12,
        0.9856170257786149
      ],
      [
        15,
        13,
        0.9779022737426413
      ],
      [
        8,
        1,
        1.032504121423268
