{
  "axis_y_labels": [
    0,
    1,
    2,
    3,
    4,
    5,
    6,
    7,
    8,
    9,
    10,
    11,
    12,
    13
  ],
  "table": {
    "0": [
      [
        19,
        1,
        0.9881975876295896
      ],
      [
        19,
        2,
        0.9985536267686753
      ],
      [
        19,
        3,
        1.0019060236943755
      ],
      [
        19,
        4,
        1.1273018011796272
      ],
      [
        19,
        5,
        1.1299726475311898
      ],
      [
        19,
        6,
        1.185871753747988
      ],
      [
        19,
        7,
        1.1307915241090496
      ],
      [
        19,
        8,
        1.132550978945593
      ],
      [
        19,
        9,
        1.0323254129093309
      ],
      [
        19,
        10,
        0.9965236378231582
      ],
      [
        19,
        11,
        1.0892625325313625
      ],
      [
        19,
        12,
        0.7143270482824311
      ],
      [
        19,
        13,
        0.9244045396275564
      ],
      [
        20,
        1,
        1.0007741326470248
      ],
      [
        20,
        2,
        0.9980730003985189
      ],
      [
        20,
        3,
        0.9932900948086621
      ],
      [
        20,
        4,
        1.1308266575968555
      ],
      [
        20,
        5,
        1.1337722376742096
      ],
      [
        20,
        6,
        1.1841991171904
      ],
      [
        20,
        7,
        1.1218720478909106
      ],
      [
        20,
        8,
        1.1350913203300013
      ],
      [
        20,
        9,
        1.0390040506192686
      ],
      [
        20,
        10,
        1.0002896664728351
      ],
      [
        20,
        11,
        1.086285493657105
      ],
      [
        20,
        12,
        0.746451943181748
      ],
      [
        20,
        13,
        0.9254579146084091
      ],
      [
        2,
        1,
        0.9977689760859857
      ],
      [
        2,
        2,
        0.9963707656356298
      ],
      [
        2,
        3,
        0.9899144544940993
      ],
      [
        2,
        4,
        1.1333610115884911
      ],
      [
        2,
        5,
        1.132964680262491
      ],
      [
        2,
        6,
        1.1875394570857463
      ],
      [
        2,
        7,
        1.134933954756586
      ],
      [
        2,
        8,
        1.1279493589499145
      ],
      [
        2,
        9,
        1.0393554147804922
      ],
      [
        2,
        10,
        0.9947244568442436
      ],
      [
        2,
        11,
        1.0837659741630639
      ],
      [
        2,
        12,
        0.6586130337792462
      ],
      [
        2,
        13,
        0.9234242208932056
      ],
      [
        6,
        1,
        1.0069126738413454
      ],
      [
        6,
        2,
        1.006982484932654
      ],
      [
        6,
        3,
        1.0058151726956812
      ],
      [
        6,
        4,
        1.033026979456567
      ],
      [
        6,
        5,
        1.1416588120459723
      ],
      [
        6,
        6,
        1.1959562697142556
      ],
      [
        6,
        7,
        1.1403348643616256
      ],
      [
        6,
        8,
        1.1416166693003031
      ],
      [
        6,
        9,
        1.0412493800044396
      ],
      [
        6,
        10,
        1.0049143972959746
      ],
      [
        6,
        11,
        1.091954686154203
      ],
      [
        6,
        12,
        0.6708098796940778
      ],
      [
        6,
        13,
        0.9269547372767407
      ],
      [
        1,
        1,
        0.9347104256068892
      ],
      [
        1,
        2,
        1.03592801623413
      ],
      [
        1,
        3,
        1.03487062282147
      ],
      [
        1,
        4,
        1.1776406064673055
      ],
      [
        1,
        5,
        1.1758409255025095
      ],
      [
        1,
        6,
        1.235202272443578
      ],
      [
        1,
        7,
        1.17867721292897
      ],
      [
        1,
        8,
        1.1799950559152443
      ],
      [
        1,
        9,
        1.0796000074959822
      ],
      [
        1,
        10,
        1.0350742974386087
      ],
      [
        1,
        11,
        1.1273885450608656
      ],
      [
        1,
        12,
        0.6514481444688383
      ],
      [
        1,
        13,
        0.9585304123186892
      ],
      [
        3,
        1,
        1.0941814622936923
      ],
      [
        3,
        2,
        1.0927256097916194
      ],
      [
        3,
        3,
        1.0937874160214693
      ],
      [
        3,
        4,
        1.2463857044920466
      ],
      [
        3,
        5,
        1.245147927592225
      ],
      [
        3,
        6,
        1.3006072246499278
      ],
      [
        3,
        7,
        1.2448930317841416
      ],
      [
        3,
        8,
        1.2446650105900656
      ],
      [
        3,
        9,
        1.1379018673578196
      ],
      [
        3,
        10,
        1.0939916642063658
      ],
      [
        3,
        11,
        1.1913311440468932
      ],
      [
        3,
        12,
        0.8114985489789893
      ],
      [
        3,
        13,
        1.0170955153172119
      ],
      [
        5,
        1,
        0.9725936548434965
      ],
      [
        5,
        2,
        1.0042959252119164
      ],
      [
        5,
        3,
        1.0032669201895525
      ],
      [
        5,
        4,
        1.1389771634656707
      ],
      [
        5,
        5,
        1.139786227472942
      ],
      [
        5,
        6,
        1.1896882002273645
      ],
      [
        5,
        7,
        1.1371969394445278
      ],
      [
        5,
        8,
        1.1398006061269141
      ],
      [
        5,
        9,
        1.0450777438530683
      ],
      [
        5,
        10,
        0.9961992884716796
      ],
      [
        5,
        11,
        1.0887780534422435
      ],
      [
        5,
        12,
        0.7343408385787297
      ],
      [
        5,
        13,
        0.9280826708396903
      ],
      [
        13,
        1,
        1.0008547741621354
      ],
      [
        13,
        2,
        0.9990665693596915
      ],
      [
        13,
        3,
        0.9907857642292257
      ],
      [
        13,
        4,
        1.137019923267414
      ],
      [
        13,
        5,
        1.1303414449803137
      ],
      [
        13,
        6,
        1.1836992700099997
      ],
      [
        13,
        7,
        1.1310342031239662
      ],
      [
        13,
        8,
        1.1269900986615689
      ],
      [
        13,
        9,
        1.0329552501866632
      ],
      [
        13,
        10,
        0.9931841110145082
      ],
      [
        13,
        11,
        1.0845794846237835
      ],
      [
        13,
        12,
        0.7464915371340526
      ],
      [
        13,
        13,
        0.922281117050127
      ],
      [
        15,
        1,
        0.998551019412449
      ],
      [
        15,
        2,
        0.9541194902985193
      ],
      [
        15,
        3,
        1.0019540162216707
      ],
      [
        15,
        4,
        1.1377820505888687
      ],
      [
        15,
        5,
        1.1373209202646746
      ],
      [
        15,
        6,
        1.1765428783772902
      ],
      [
        15,
        7,
        1.1335572007659231
      ],
      [
        15,
        8,
        1.1336593329414637
      ],
      [
        15,
        9,
        1.0435290474225039
      ],
      [
        15,
        10,
        1.0019486350259375
      ],
      [
        15,
        11,
        1.0891809879709913
      ],
      [
        15,
        12,
        0.6553682136895276
      ],
      [
        15,
        13,
        0.9261656921795705
      ],
      [
        8,
        1,
        0.9992853361108246
