{
  "axis_y_labels": [
    0,
    1,
    2,
    3,
    4,
    5,
    6,
    7,
    8,
    9,
    10,
    11,
    12,
    13
  ],
  "table": {
    "0": [
      [
        19,
        1,
        0.8908297270359695
      ],
      [
        19,
        2,
        1.0106231318226666
      ],
      [
        19,
        3,
        0.9837199619155518
      ],
      [
        19,
        4,
        0.893643007432231
      ],
      [
        19,
        5,
        0.8784087082459036
      ],
      [
        19,
        6,
        0.8930319830989952
      ],
      [
        19,
        7,
        0.9932040167122168
      ],
      [
        19,
        8,
        0.8769667954188615
      ],
      [
        19,
        9,
        0.9881392525924776
      ],
      [
        19,
        10,
        0.8779696587686713
      ],
      [
        19,
        11,
        0.8641047067881211
      ],
      [
        19,
        12,
        0.8550610999811337
      ],
      [
        19,
        13,
        0.8604134317661868
      ],
      [
        20,
        1,
        0.9100895633102094
      ],
      [
        20,
        2,
        1.0270397575855104
      ],
      [
        20,
        3,
        0.9158631166591906
      ],
      [
        20,
        4,
        0.9111515471710839
      ],
      [
        20,
        5,
        1.0098473228392402
      ],
      [
        20,
        6,
        0.8686204868479124
      ],
      [
        20,
        7,
        0.835364559657438
      ],
      [
        20,
        8,
        0.8999157613283899
      ],
      [
        20,
        9,
        1.0022421323667985
      ],
      [
        20,
        10,
        1.0077779790081287
      ],
      [
        20,
        11,
        0.7542609766845995
      ],
      [
        20,
        12,
        0.7253769824002171
      ],
      [
        20,
        13,
        0.9556198280852288
      ],
      [
        2,
        1,
        0.7844236665977877
      ],
      [
        2,
        2,
        0.847195497514218
      ],
      [
        2,
        3,
        0.9267437371492787
      ],
      [
        2,
        4,
        0.8446258702850163
      ],
      [
        2,
        5,
        0.903062063221267
      ],
      [
        2,
        6,
        0.9018568632311929
      ],
      [
        2,
        7,
        1.0211698886539728
      ],
      [
        2,
        8,
        1.0029502733888451
      ],
      [
        2,
        9,
        1.0008423203815409
      ],
      [
        2,
        10,
        0.8371630099465721
      ],
      [
        2,
        11,
        0.9145987660954981
      ],
      [
        2,
        12,
        0.6752105191312713
      ],
      [
        2,
        13,
        0.9089347045945116
      ],
      [
        6,
        1,
        1.1839559238255757
      ],
      [
        6,
        2,
        1.1853967300521304
      ],
      [
        6,
        3,
        0.9750560252922879
      ],
      [
        6,
        4,
        1.1779889578043627
      ],
      [
        6,
        5,
        1.1744950955605857
      ],
      [
        6,
        6,
        0.9572931017477988
      ],
      [
        6,
        7,
        1.060948344961675
      ],
      [
        6,
        8,
        1.162101718420341
      ],
      [
        6,
        9,
        1.1579300447876926
      ],
      [
        6,
        10,
        1.169544139695958
      ],
      [
        6,
        11,
        1.0527290237774247
      ],
      [
        6,
        12,
        0.898952955943048
      ],
      [
        6,
        13,
        1.045354688844079
      ],
      [
        1,
        1,
        1.2199523328002448
      ],
      [
        1,
        2,
        0.94699711165276
      ],
      [
        1,
        3,
        1.1741119044967758
      ],
      [
        1,
        4,
        1.1763398228782969
      ],
      [
        1,
        5,
        0.7828603244504139
      ],
      [
        1,
        6,
        1.097898086287504
      ],
      [
        1,
        7,
        1.1242462597863823
      ],
      [
        1,
        8,
        0.9423068187819232
      ],
      [
        1,
        9,
        1.3220822777480858
      ],
      [
        1,
        10,
        1.114479390966705
      ],
      [
        1,
        11,
        1.0329219235627316
      ],
      [
        1,
        12,
        1.0124770379370283
      ],
      [
        1,
        13,
        1.1150211882228658
      ],
      [
        3,
        1,
        0.8414714741160811
      ],
      [
        3,
        2,
        0.8535584435377966
      ],
      [
        3,
        3,
        1.0512683789422483
      ],
      [
        3,
        4,
        0.9055769947214101
      ],
      [
        3,
        5,
        0.8469624559314027
      ],
      [
        3,
        6,
        0.9697507433475417
      ],
      [
        3,
        7,
        0.8483303331643011
      ],
      [
        3,
        8,
        0.9350096561956576
      ],
      [
        3,
        9,
        0.9964786783597326
      ],
      [
        3,
        10,
        0.9382615849634692
      ],
      [
        3,
        11,
        0.7521200641521478
      ],
      [
        3,
        12,
        0.813943548439825
      ],
      [
        3,
        13,
        0.9056168978855716
      ],
      [
        5,
        1,
        0.9154726732811691
      ],
      [
        5,
        2,
        1.1177430677821583
      ],
      [
        5,
        3,
        0.8894576045028033
      ],
      [
        5,
        4,
        0.8295350538655321
      ],
      [
        5,
        5,
        0.8797281443262907
      ],
      [
        5,
        6,
        0.9868594325327216
      ],
      [
        5,
        7,
        0.9924107382835092
      ],
      [
        5,
        8,
        0.9924387507618513
      ],
      [
        5,
        9,
        0.986798745061585
      ],
      [
        5,
        10,
        0.9985817382335604
      ],
      [
        5,
        11,
        1.095925291973408
      ],
      [
        5,
        12,
        0.8772430964060954
      ],
      [
        5,
        13,
        1.0557683169485226
      ],
      [
        13,
        1,
        0.8561924668425002
      ],
      [
        13,
        2,
        1.0096549441003624
      ],
      [
        13,
        3,
        1.002232688380493
      ],
      [
        13,
        4,
        0.9045941562757557
      ],
      [
        13,
        5,
        1.0732463443610982
      ],
      [
        13,
        6,
        0.9013467935770232
      ],
      [
        13,
        7,
        0.860114242513833
      ],
      [
        13,
        8,
        1.1457248041805679
      ],
      [
        13,
        9,
        1.134491824750322
      ],
      [
        13,
        10,
        1.0822782899145376
      ],
      [
        13,
        11,
        1.0036237636859011
      ],
      [
        13,
        12,
        0.8661062441525981
      ],
      [
        13,
        13,
        1.1244045747250007
      ],
      [
        15,
        1,
        0.6139584537839435
      ],
      [
        15,
        2,
        0.5020072761890076
      ],
      [
        15,
        3,
        0.945447622192922
      ],
      [
        15,
        4,
        0.5552480057047623
      ],
      [
        15,
        5,
        0.9618536800599015
      ],
      [
        15,
        6,
        0.5662942755631869
      ],
      [
        15,
        7,
        0.7135398448899076
      ],
      [
        15,
        8,
        0.6239867173523159
      ],
      [
        15,
        9,
        0.7866274720618125
      ],
      [
        15,
        10,
        0.6780080099368174
      ],
      [
        15,
        11,
        0.7857273863228705
      ],
      [
        15,
        12,
        0.5316079984566603
      ],
      [
        15,
        13,
        0.8447255003379618
      ],
      [
        8,
        1,
        0.7407953697170496
