{
  "axis_y_labels": [
    0,
    1,
    2,
    3,
    4,
    5,
    6,
    7,
    8,
    9,
    10,
    11,
    12,
    13
  ],
  "table": {
    "0": [
      [
        19,
        1,
        0.9973870350137309
      ],
      [
        19,
        2,
        1.003570350514966
      ],
      [
        19,
        3,
        0.9949138119098937
      ],
      [
        19,
        4,
        1.0076363733348852
      ],
      [
        19,
        5,
        1.0041090534076271
      ],
      [
        19,
        6,
        1.0053871958841034
      ],
      [
        19,
        7,
        1.006931815176094
      ],
      [
        19,
        8,
        1.0063689588878164
      ],
      [
        19,
        9,
        1.0023781094537363
      ],
      [
        19,
        10,
        1.0039182387734125
      ],
      [
        19,
        11,
        0.9993637500232958
      ],
      [
        19,
        12,
        0.9838435281044843
      ],
      [
        19,
        13,
        1.0001023765908357
      ],
      [
        20,
        1,
        0.9986965128219482
      ],
      [
        20,
        2,
        0.9992859857168526
      ],
      [
        20,
        3,
        0.9873765556121202
      ],
      [
        20,
        4,
        1.00147120145934
      ],
      [
        20,
        5,
        1.0020731986294011
      ],
      [
        20,
        6,
        0.9990729806981339
      ],
      [
        20,
        7,
        1.0019014042723646
      ],
      [
        20,
        8,
        0.9896546701463874
      ],
      [
        20,
        9,
        0.9956118113383349
      ],
      [
        20,
        10,
        1.0023725675339015
      ],
      [
        20,
        11,
        0.9922102852568594
      ],
      [
        20,
        12,
        0.9925778473259845
      ],
      [
        20,
        13,
        1.0008411374241664
      ],
      [
        2,
        1,
        0.9958801948049831
      ],
      [
        2,
        2,
        0.988601473368144
      ],
      [
        2,
        3,
        0.986835613501396
      ],
      [
        2,
        4,
        0.9984593209774099
      ],
      [
        2,
        5,
        1.0008681496492196
      ],
      [
        2,
        6,
        0.9959958403928358
      ],
      [
        2,
        7,
        1.0027384747832842
      ],
      [
        2,
        8,
        0.9959804771308234
      ],
      [
        2,
        9,
        0.9866832218409496
      ],
      [
        2,
        10,
        0.9903452095774102
      ],
      [
        2,
        11,
        0.9896685553031711
      ],
      [
        2,
        12,
        0.9739779400032845
      ],
      [
        2,
        13,
        0.9968766658660906
      ],
      [
        6,
        1,
        1.001068086184589
      ],
      [
        6,
        2,
        1.0011451875650135
      ],
      [
        6,
        3,
        0.99771320658272
      ],
      [
        6,
        4,
        1.0077319450012157
      ],
      [
        6,
        5,
        1.0020912837547655
      ],
      [
        6,
        6,
        1.0024270124101322
      ],
      [
        6,
        7,
        1.00857453924505
      ],
      [
        6,
        8,
        1.003341066791994
      ],
      [
        6,
        9,
        0.996556321652332
      ],
      [
        6,
        10,
        1.0038162250834306
      ],
      [
        6,
        11,
        0.9960020825341152
      ],
      [
        6,
        12,
        0.9916987810496156
      ],
      [
        6,
        13,
        1.0051395946559767
      ],
      [
        1,
        1,
        0.9990713982556618
      ],
      [
        1,
        2,
        0.9949448304530438
      ],
      [
        1,
        3,
        0.9798842866264139
      ],
      [
        1,
        4,
        1.0067361370082548
      ],
      [
        1,
        5,
        1.0037258802590683
      ],
      [
        1,
        6,
        0.9944270961841143
      ],
      [
        1,
        7,
        1.0065932133561424
      ],
      [
        1,
        8,
        0.9999299870200543
      ],
      [
        1,
        9,
        0.9990543015070932
      ],
      [
        1,
        10,
        0.9940490468467914
      ],
      [
        1,
        11,
        0.9937245973804246
      ],
      [
        1,
        12,
        0.955284739167916
      ],
      [
        1,
        13,
        0.9846021717306158
      ],
      [
        3,
        1,
        0.993731542354964
      ],
      [
        3,
        2,
        0.9931177353734502
      ],
      [
        3,
        3,
        0.9922364610882921
      ],
      [
        3,
        4,
        0.9994433960669203
      ],
      [
        3,
        5,
        1.0032823434631188
      ],
      [
        3,
        6,
        0.9988882151306739
      ],
      [
        3,
        7,
        0.9986632224584258
      ],
      [
        3,
        8,
        1.0003943550517032
      ],
      [
        3,
        9,
        0.9924209804321078
      ],
      [
        3,
        10,
        0.9945481450504654
      ],
      [
        3,
        11,
        0.989424932050937
      ],
      [
        3,
        12,
        0.9858494147996375
      ],
      [
        3,
        13,
        1.0001304099747215
      ],
      [
        5,
        1,
        0.9829988740016322
      ],
      [
        5,
        2,
        0.9864411050294777
      ],
      [
        5,
        3,
        0.9870601002158724
      ],
      [
        5,
        4,
        0.9975137135252686
      ],
      [
        5,
        5,
        1.0025870140377318
      ],
      [
        5,
        6,
        0.9905344747790291
      ],
      [
        5,
        7,
        1.0038551126048718
      ],
      [
        5,
        8,
        0.9958116518159515
      ],
      [
        5,
        9,
        0.9987344150350924
      ],
      [
        5,
        10,
        1.00004535321716
      ],
      [
        5,
        11,
        0.989895571636255
      ],
      [
        5,
        12,
        0.9902457296369838
      ],
      [
        5,
        13,
        0.9984076227813189
      ],
      [
        13,
        1,
        0.9934699214822617
      ],
      [
        13,
        2,
        0.995480391208366
      ],
      [
        13,
        3,
        0.9853999845269021
      ],
      [
        13,
        4,
        1.0005283760542785
      ],
      [
        13,
        5,
        1.0021560818532342
      ],
      [
        13,
        6,
        1.000613912949133
      ],
      [
        13,
        7,
        1.002581168452068
      ],
      [
        13,
        8,
        0.9974380810332675
      ],
      [
        13,
        9,
        0.9919867539775415
      ],
      [
        13,
        10,
        0.9949018761742946
      ],
      [
        13,
        11,
        0.9921288430920365
      ],
      [
        13,
        12,
        0.9719927875558111
      ],
      [
        13,
        13,
        0.9963766361706964
      ],
      [
        15,
        1,
        0.9976410668351623
      ],
      [
        15,
        2,
        1.0033706407706258
      ],
      [
        15,
        3,
        0.983596840322092
      ],
      [
        15,
        4,
        1.0065406875448986
      ],
      [
        15,
        5,
        1.0103501531705024
      ],
      [
        15,
        6,
        0.9963532226761853
      ],
      [
        15,
        7,
        1.0115745348984992
      ],
      [
        15,
        8,
        0.9952320618865229
      ],
      [
        15,
        9,
        0.9960484774068331
      ],
      [
        15,
        10,
        0.9971786154533094
      ],
      [
        15,
        11,
        1.0024848880645223
      ],
      [
        15,
        12,
        0.9538365749811467
      ],
      [
        15,
        13,
        0.9902331688312573
      ],
      [
        8,
        1,
        1.003783183906619
