{
  "axis_y_labels": [
    0,
    1,
    2,
    3,
    4,
    5,
    6,
    7,
    8,
    9,
    10,
    11,
    12,
    13
  ],
  "table": {
    "0": [
      [
        1,
        1,
        1.0345491288846644
      ],
      [
        1,
        2,
        1.0409306100618754
      ],
      [
        1,
        3,
        0.9939874966899114
      ],
      [
        1,
        4,
        0.9485768376701018
      ],
      [
        1,
        5,
        0.9537594392807469
      ],
      [
        1,
        6,
        0.9754750212398946
      ],
      [
        1,
        7,
        0.9506182067795188
      ],
      [
        1,
        8,
        0.9538596439999931
      ],
      [
        1,
        9,
        0.9545126275881568
      ],
      [
        1,
        10,
        0.9872988370988174
      ],
      [
        1,
        11,
        0.9230178328855944
      ],
      [
        1,
        12,
        0.7751618637516315
      ],
      [
        1,
        13,
        0.995306406389851
      ],
      [
        5,
        1,
        0.9986141943763229
      ],
      [
        5,
        2,
        0.9939897943859335
      ],
      [
        5,
        3,
        0.97436102198492
      ],
      [
        5,
        4,
        0.9499445604782114
      ],
      [
        5,
        5,
        0.964542004974945
      ],
      [
        5,
        6,
        0.9151466770556089
      ],
      [
        5,
        7,
        0.9552129587262305
      ],
      [
        5,
        8,
        0.9598977951115076
      ],
      [
        5,
        9,
        0.9439911469592743
      ],
      [
        5,
        10,
        0.9831780358360186
      ],
      [
        5,
        11,
        0.9595036917246483
      ],
      [
        5,
        12,
        0.886293046489702
      ],
      [
        5,
        13,
        0.964151199066099
      ],
      [
        5,
        1,
        0.9840305280169125
      ],
      [
        5,
        2,
        0.9903124825936733
      ],
      [
        5,
        3,
        0.9654211414648474
      ],
      [
        5,
        4,
        0.9498890638633337
      ],
      [
        5,
        5,
        0.9526469329577739
      ],
      [
        5,
        6,
        0.9098753000656079
      ],
      [
        5,
        7,
        0.9492532003927867
      ],
      [
        5,
        8,
        0.9579822765521588
      ],
      [
        5,
        9,
        0.9359446649450899
      ],
      [
        5,
        10,
        0.9735572500527354
      ],
      [
        5,
        11,
        0.9551622771847365
      ],
      [
        5,
        12,
        0.8781143892347774
      ],
      [
        5,
        13,
        0.9631117451958707
      ],
      [
        3,
        1,
        0.9958304279616266
      ],
      [
        3,
        2,
        0.994929966916933
      ],
      [
        3,
        3,
        0.967182970188802
      ],
      [
        3,
        4,
        0.9310758784458751
      ],
      [
        3,
        5,
        0.9387107419678754
      ],
      [
        3,
        6,
        0.9279698541185604
      ],
      [
        3,
        7,
        0.9324363700209477
      ],
      [
        3,
        8,
        0.9377206551538564
      ],
      [
        3,
        9,
        0.9239710442032881
      ],
      [
        3,
        10,
        0.9656424970846957
      ],
      [
        3,
        11,
        0.9395777898548169
      ],
      [
        3,
        12,
        0.8435180712142557
      ],
      [
        3,
        13,
        0.9609211639966192
      ],
      [
        7,
        1,
        0.9923801102699383
      ],
      [
        7,
        2,
        0.9941066150575336
      ],
      [
        7,
        3,
        0.9604263024848257
      ],
      [
        7,
        4,
        0.9259330551987045
      ],
      [
        7,
        5,
        0.9537282167890442
      ],
      [
        7,
        6,
        0.9037546541079499
      ],
      [
        7,
        7,
        0.9433836327387671
      ],
      [
        7,
        8,
        0.9534874790960772
      ],
      [
        7,
        9,
        0.9383470750079442
      ],
      [
        7,
        10,
        0.9711853828347679
      ],
      [
        7,
        11,
        0.9510175510580663
      ],
      [
        7,
        12,
        0.8920166659096791
      ],
      [
        7,
        13,
        0.9470984063863251
      ],
      [
        6,
        1,
        0.9749403542174381
      ],
      [
        6,
        2,
        0.9802338506368882
      ],
      [
        6,
        3,
        0.9612290118561193
      ],
      [
        6,
        4,
        0.9188960181950715
      ],
      [
        6,
        5,
        0.9444019288688833
      ],
      [
        6,
        6,
        0.9352080180232333
      ],
      [
        6,
        7,
        0.9385030548894533
      ],
      [
        6,
        8,
        0.9445166793688441
      ],
      [
        6,
        9,
        0.9234123955962641
      ],
      [
        6,
        10,
        0.9723513127039043
      ],
      [
        6,
        11,
        0.9481270403602514
      ],
      [
        6,
        12,
        0.8676710624973826
      ],
      [
        6,
        13,
        0.9562961342133963
      ],
      [
        2,
        1,
        0.9747967875596999
      ],
      [
        2,
        2,
        0.9786071959943653
      ],
      [
        2,
        3,
        0.9648961066245023
      ],
      [
        2,
        4,
        0.9013443505328955
      ],
      [
        2,
        5,
        0.9340472976400298
      ],
      [
        2,
        6,
        0.8826001910973279
      ],
      [
        2,
        7,
        0.9266568825614052
      ],
      [
        2,
        8,
        0.932375531075614
      ],
      [
        2,
        9,
        0.9127840149643245
      ],
      [
        2,
        10,
        0.9722829956389645
      ],
      [
        2,
        11,
        0.9629158066132922
      ],
      [
        2,
        12,
        0.9050034741645165
      ],
      [
        2,
        13,
        0.9560054244920242
      ],
      [
        8,
        1,
        0.9954817084675736
      ],
      [
        8,
        2,
        0.9959468807992438
      ],
      [
        8,
        3,
        0.9679164955545783
      ],
      [
        8,
        4,
        0.9302180824778793
      ],
      [
        8,
        5,
        0.9540611152268046
      ],
      [
        8,
        6,
        0.9056243766771905
      ],
      [
        8,
        7,
        0.9461897599802432
      ],
      [
        8,
        8,
        0.956210225268743
      ],
      [
        8,
        9,
        0.9363631594176319
      ],
      [
        8,
        10,
        0.9742583229781822
      ],
      [
        8,
        11,
        0.9488179323921426
      ],
      [
        8,
        12,
        0.8962523632826501
      ],
      [
        8,
        13,
        0.9585903107403312
      ],
      [
        9,
        1,
        1.0127882875529965
      ],
      [
        9,
        2,
        1.0116392552921607
      ],
      [
        9,
        3,
        0.9732248644048584
      ],
      [
        9,
        4,
        0.9417318812536749
      ],
      [
        9,
        5,
        0.9409601474861957
      ],
      [
        9,
        6,
        0.9381453512515626
      ],
      [
        9,
        7,
        0.9386005426720191
      ],
      [
        9,
        8,
        0.9411852655890721
      ],
      [
        9,
        9,
        0.9308280946418509
      ],
      [
        9,
        10,
        0.9700756049479844
      ],
      [
        9,
        11,
        0.9316801038924106
      ],
      [
        9,
        12,
        0.8254936231786744
      ],
      [
        9,
        13,
        0.966287948650304
      ]
    ]
  }
}
