{
  "axis_y_labels": [
    0,
    1,
    2,
    3,
    4,
    5,
    6,
    7,
    8,
    9,
    10,
    11,
    12,
    13
  ],
  "table": {
    "0": [
      [
        3,
        1,
        1.080809663080373
      ],
      [
        3,
        2,
        1.0795948265705984
      ],
      [
        3,
        3,
        1.004402090556
      ],
      [
        3,
        4,
        1.0574295885144631
      ],
      [
        3,
        5,
        0.9836471783464947
      ],
      [
        3,
        6,
        0.9798835104238736
      ],
      [
        3,
        7,
        0.993137645332825
      ],
      [
        3,
        8,
        0.9868166824576814
      ],
      [
        3,
        9,
        0.9828914378441702
      ],
      [
        3,
        10,
        0.9824463705430146
      ],
      [
        3,
        11,
        0.981123789569753
      ],
      [
        3,
        12,
        0.9802002534198145
      ],
      [
        3,
        13,
        1.0023274326257632
      ],
      [
        5,
        1,
        1.1269614885973231
      ],
      [
        5,
        2,
        1.1055258086051174
      ],
      [
        5,
        3,
        0.9965523612264375
      ],
      [
        5,
        4,
        1.0944119908413428
      ],
      [
        5,
        5,
        0.9890641750144997
      ],
      [
        5,
        6,
        0.9788873240917394
      ],
      [
        5,
        7,
        0.9852306206163511
      ],
      [
        5,
        8,
        0.993128710206401
      ],
      [
        5,
        9,
        0.9869189065922478
      ],
      [
        5,
        10,
        0.99551283217083
      ],
      [
        5,
        11,
        0.9926914151629521
      ],
      [
        5,
        12,
        0.9277823213535042
      ],
      [
        5,
        13,
        0.9910687115318175
      ],
      [
        19,
        1,
        1.2213079204896589
      ],
      [
        19,
        2,
        1.2198856663064424
      ],
      [
        19,
        3,
        0.9873462156230841
      ],
      [
        19,
        4,
        1.193589438004227
      ],
      [
        19,
        5,
        0.9737050811177073
      ],
      [
        19,
        6,
        0.9649463906802072
      ],
      [
        19,
        7,
        0.9759848063172823
      ],
      [
        19,
        8,
        0.9770336543944134
      ],
      [
        19,
        9,
        0.9653029941099758
      ],
      [
        19,
        10,
        1.003158606067151
      ],
      [
        19,
        11,
        0.9508707505145179
      ],
      [
        19,
        12,
        0.9734836094052453
      ],
      [
        19,
        13,
        0.9946558621913417
      ],
      [
        2,
        1,
        1.2762667884537824
      ],
      [
        2,
        2,
        1.276780406688572
      ],
      [
        2,
        3,
        0.9849880668524118
      ],
      [
        2,
        4,
        1.241462276522509
      ],
      [
        2,
        5,
        0.9786718823795191
      ],
      [
        2,
        6,
        0.9851204002908218
      ],
      [
        2,
        7,
        0.9760388774817829
      ],
      [
        2,
        8,
        0.9770803469067356
      ],
      [
        2,
        9,
        0.967854587115994
      ],
      [
        2,
        10,
        1.0212316739850982
      ],
      [
        2,
        11,
        0.9300229550404239
      ],
      [
        2,
        12,
        0.9669650936541477
      ],
      [
        2,
        13,
        1.0025962869791458
      ],
      [
        20,
        1,
        1.1708911217931983
      ],
      [
        20,
        2,
        1.1710510328777812
      ],
      [
        20,
        3,
        0.995314713992507
      ],
      [
        20,
        4,
        1.136421534098581
      ],
      [
        20,
        5,
        0.9909775286464108
      ],
      [
        20,
        6,
        0.9843050571338932
      ],
      [
        20,
        7,
        0.9843398547113252
      ],
      [
        20,
        8,
        0.9851161899333178
      ],
      [
        20,
        9,
        0.9821954203104863
      ],
      [
        20,
        10,
        1.0055295722571602
      ],
      [
        20,
        11,
        0.9666145575626556
      ],
      [
        20,
        12,
        0.9827559684524482
      ],
      [
        20,
        13,
        1.0060080238125013
      ],
      [
        12,
        1,
        1.1098967051456623
      ],
      [
        12,
        2,
        1.1143945804507591
      ],
      [
        12,
        3,
        0.9903719066210734
      ],
      [
        12,
        4,
        1.075090554050662
      ],
      [
        12,
        5,
        0.973279894067919
      ],
      [
        12,
        6,
        0.9749089252493796
      ],
      [
        12,
        7,
        0.9724227857758352
      ],
      [
        12,
        8,
        0.9727772987160199
      ],
      [
        12,
        9,
        0.9734747585537068
      ],
      [
        12,
        10,
        0.9947739185754064
      ],
      [
        12,
        11,
        0.970200686141544
      ],
      [
        12,
        12,
        0.9808611828975865
      ],
      [
        12,
        13,
        0.9985658104185523
      ],
      [
        7,
        1,
        1.0947193483502562
      ],
      [
        7,
        2,
        1.092995170571945
      ],
      [
        7,
        3,
        0.995166669412168
      ],
      [
        7,
        4,
        1.0671283444035626
      ],
      [
        7,
        5,
        0.987560351145647
      ],
      [
        7,
        6,
        0.9868648256045992
      ],
      [
        7,
        7,
        0.9888529291736352
      ],
      [
        7,
        8,
        0.9943232494649251
      ],
      [
        7,
        9,
        0.9838247823757883
      ],
      [
        7,
        10,
        0.9939926995980839
      ],
      [
        7,
        11,
        0.9861029633623355
      ],
      [
        7,
        12,
        0.9542866429179349
      ],
      [
        7,
        13,
        0.996441395866501
      ],
      [
        18,
        1,
        1.0945641493297271
      ],
      [
        18,
        2,
        1.09006477368569
      ],
      [
        18,
        3,
        0.9968621685529272
      ],
      [
        18,
        4,
        1.0631270413322482
      ],
      [
        18,
        5,
        0.9865373199068849
      ],
      [
        18,
        6,
        0.9846440282738491
      ],
      [
        18,
        7,
        0.9892994135278063
      ],
      [
        18,
        8,
        0.9946398589153568
      ],
      [
        18,
        9,
        0.9870475353751227
      ],
      [
        18,
        10,
        0.9964347552919978
      ],
      [
        18,
        11,
        0.9873945098735875
      ],
      [
        18,
        12,
        0.9532399721936465
      ],
      [
        18,
        13,
        0.98701175587962
      ],
      [
        4,
        1,
        1.1482629220753755
      ],
      [
        4,
        2,
        1.1461053222852338
      ],
      [
        4,
        3,
        1.005609522095335
      ],
      [
        4,
        4,
        1.088517888450552
      ],
      [
        4,
        5,
        0.9760197757003893
      ],
      [
        4,
        6,
        0.9655386832423284
      ],
      [
        4,
        7,
        0.9814294839309644
      ],
      [
        4,
        8,
        0.9720030334058488
      ],
      [
        4,
        9,
        0.9720370167298596
      ],
      [
        4,
        10,
        0.997654471294532
      ],
      [
        4,
        11,
        0.9778984258577563
      ],
      [
        4,
        12,
        0.9684633752373879
      ],
      [
        4,
        13,
        0.986972577745441
      ],
      [
        16,
        1,
        1.1036664983039526
      ],
