{
  "axis_y_labels": [
    0,
    1,
    2,
    3,
    4,
    5,
    6,
    7,
    8,
    9,
    10,
    11,
    12,
    13
  ],
  "table": {
    "0": [
      [
        4,
        1,
        0.9850542637778765
      ],
      [
        4,
        2,
        0.9853322968302018
      ],
      [
        4,
        3,
        0.9859646752791519
      ],
      [
        4,
        4,
        1.0198273528699613
      ],
      [
        4,
        5,
        1.0209408670444196
      ],
      [
        4,
        6,
        1.037167193683048
      ],
      [
        4,
        7,
        1.1808987939719084
      ],
      [
        4,
        8,
        1.021981283007989
      ],
      [
        4,
        9,
        1.1624343955910401
      ],
      [
        4,
        10,
        1.115620056236828
      ],
      [
        4,
        11,
        1.0248370492389667
      ],
      [
        4,
        12,
        0.9463884757003656
      ],
      [
        4,
        13,
        1.1102898754984771
      ],
      [
        17,
        1,
        0.9793771871815452
      ],
      [
        17,
        2,
        0.9788952235132896
      ],
      [
        17,
        3,
        0.9822028866738024
      ],
      [
        17,
        4,
        1.032729445730347
      ],
      [
        17,
        5,
        1.0300869472433332
      ],
      [
        17,
        6,
        1.0469675527893785
      ],
      [
        17,
        7,
        1.185171273118045
      ],
      [
        17,
        8,
        1.034374727090059
      ],
      [
        17,
        9,
        1.1755519609803244
      ],
      [
        17,
        10,
        1.1111252134400624
      ],
      [
        17,
        11,
        1.0104824561987469
      ],
      [
        17,
        12,
        0.9485358587416233
      ],
      [
        17,
        13,
        1.1071545877201832
      ],
      [
        3,
        1,
        0.9887303154719316
      ],
      [
        3,
        2,
        0.9896994814484154
      ],
      [
        3,
        3,
        0.9840307689895256
      ],
      [
        3,
        4,
        1.0284506375198268
      ],
      [
        3,
        5,
        1.0286291111408588
      ],
      [
        3,
        6,
        1.0449984699118053
      ],
      [
        3,
        7,
        1.1761561933440783
      ],
      [
        3,
        8,
        1.0285775538770259
      ],
      [
        3,
        9,
        1.168284252641014
      ],
      [
        3,
        10,
        1.1203371201369863
      ],
      [
        3,
        11,
        1.0263672949069493
      ],
      [
        3,
        12,
        0.9511690632764965
      ],
      [
        3,
        13,
        1.1079969385546111
      ],
      [
        10,
        1,
        0.9920318111658654
      ],
      [
        10,
        2,
        0.984322339015191
      ],
      [
        10,
        3,
        0.9918126527800178
      ],
      [
        10,
        4,
        1.0241161948045783
      ],
      [
        10,
        5,
        1.026233991478296
      ],
      [
        10,
        6,
        1.0382611366465202
      ],
      [
        10,
        7,
        1.1848235076335507
      ],
      [
        10,
        8,
        1.019862024922481
      ],
      [
        10,
        9,
        1.1718809136228914
      ],
      [
        10,
        10,
        1.1175517156374541
      ],
      [
        10,
        11,
        1.0324478272409354
      ],
      [
        10,
        12,
        0.9478359965031679
      ],
      [
        10,
        13,
        1.1178352387275188
      ],
      [
        19,
        1,
        0.9794702584319407
      ],
      [
        19,
        2,
        0.981407216905869
      ],
      [
        19,
        3,
        0.982706978170578
      ],
      [
        19,
        4,
        1.0329729998950896
      ],
      [
        19,
        5,
        1.0313879861163722
      ],
      [
        19,
        6,
        1.040025768628402
      ],
      [
        19,
        7,
        1.1864762566209774
      ],
      [
        19,
        8,
        1.0342768294574678
      ],
      [
        19,
        9,
        1.1748772697310654
      ],
      [
        19,
        10,
        1.110755664460945
      ],
      [
        19,
        11,
        1.0134173694104602
      ],
      [
        19,
        12,
        0.9495451862213538
      ],
      [
        19,
        13,
        1.1090315487101818
      ],
      [
        18,
        1,
        0.9803453296580164
      ],
      [
        18,
        2,
        0.9774580600438002
      ],
      [
        18,
        3,
        0.9810364707199766
      ],
      [
        18,
        4,
        1.0321819279336009
      ],
      [
        18,
        5,
        1.0304433363542578
      ],
      [
        18,
        6,
        1.0450394818887998
      ],
      [
        18,
        7,
        1.184952484393598
      ],
      [
        18,
        8,
        1.0347366399374331
      ],
      [
        18,
        9,
        1.1753060217123776
      ],
      [
        18,
        10,
        1.1107481807158412
      ],
      [
        18,
        11,
        1.0078365625541161
      ],
      [
        18,
        12,
        0.9469769207309082
      ],
      [
        18,
        13,
        1.107119946021462
      ],
      [
        1,
        1,
        0.9823050069602863
      ],
      [
        1,
        2,
        0.9782880386849766
      ],
      [
        1,
        3,
        0.9819026169067709
      ],
      [
        1,
        4,
        1.0282387679150011
      ],
      [
        1,
        5,
        1.0229218249709962
      ],
      [
        1,
        6,
        1.042838563908845
      ],
      [
        1,
        7,
        1.1800727309966172
      ],
      [
        1,
        8,
        1.0261356690966053
      ],
      [
        1,
        9,
        1.17553159879698
      ],
      [
        1,
        10,
        1.1125983690876193
      ],
      [
        1,
        11,
        1.0197046269466388
      ],
      [
        1,
        12,
        0.9487480772243999
      ],
      [
        1,
        13,
        1.1095997829068642
      ],
      [
        12,
        1,
        0.9872213155283022
      ],
      [
        12,
        2,
        0.9872899730268238
      ],
      [
        12,
        3,
        0.9882122973755155
      ],
      [
        12,
        4,
        1.0109706938458594
      ],
      [
        12,
        5,
        1.018147182905577
      ],
      [
        12,
        6,
        1.032268214768862
      ],
      [
        12,
        7,
        1.180091094244541
      ],
      [
        12,
        8,
        1.0168083793858194
      ],
      [
        12,
        9,
        1.169844897785477
      ],
      [
        12,
        10,
        1.1203471239881695
      ],
      [
        12,
        11,
        1.0334736818284112
      ],
      [
        12,
        12,
        0.9455452817073832
      ],
      [
        12,
        13,
        1.1163556712301377
      ],
      [
        7,
        1,
        0.9917623995079735
      ],
      [
        7,
        2,
        0.9916012202031915
      ],
      [
        7,
        3,
        0.9917589139958213
      ],
      [
        7,
        4,
        1.0264493111514434
      ],
      [
        7,
        5,
        1.020605616329066
      ],
      [
        7,
        6,
        1.0432255745790249
      ],
      [
        7,
        7,
        1.1868393009601756
      ],
      [
        7,
        8,
        1.0272975388734988
      ],
      [
        7,
        9,
        1.1780684399931902
      ],
      [
        7,
        10,
        1.1232452005005362
      ],
      [
        7,
        11,
        1.0253360401014686
      ],
      [
        7,
        12,
        0.9515180916773679
      ],
      [
        7,
        13,
        1.1109583525101767
      ],
      [
        15,
        1,
