{
  "axis_y_labels": [
    0,
    1,
    2,
    3,
    4,
    5,
    6,
    7,
    8,
    9,
    10,
    11,
    12,
    13
  ],
  "table": {
    "0": [
      [
        13,
        1,
        1.156168515993701
      ],
      [
        13,
        2,
        1.7158760515971678
      ],
      [
        13,
        3,
        1.0019065689261057
      ],
      [
        13,
        4,
        1.3982442032046656
      ],
      [
        13,
        5,
        1.7280051318375593
      ],
      [
        13,
        6,
        1.4249821085223229
      ],
      [
        13,
        7,
        1.1948607187567077
      ],
      [
        13,
        8,
        1.1786941442660521
      ],
      [
        13,
        9,
        1.42293188014153
      ],
      [
        13,
        10,
        1.7166574336840366
      ],
      [
        13,
        11,
        1.6475387240433652
      ],
      [
        13,
        12,
        1.3558054305528688
      ],
      [
        13,
        13,
        1.1651578566851548
      ],
      [
        1,
        1,
        1.0558472681221447
      ],
      [
        1,
        2,
        1.1111843117963522
      ],
      [
        1,
        3,
        1.1051504360580617
      ],
      [
        1,
        4,
        1.0951693307460568
      ],
      [
        1,
        5,
        1.1079853842159577
      ],
      [
        1,
        6,
        1.0971928470973027
      ],
      [
        1,
        7,
        1.0604794940087863
      ],
      [
        1,
        8,
        0.9966169945250553
      ],
      [
        1,
        9,
        0.9989268760054002
      ],
      [
        1,
        10,
        1.0207442796778265
      ],
      [
        1,
        11,
        1.0472675730909424
      ],
      [
        1,
        12,
        1.0937780365262801
      ],
      [
        1,
        13,
        1.0867392291963012
      ],
      [
        7,
        1,
        1.1507453402475831
      ],
      [
        7,
        2,
        1.1443648338836467
      ],
      [
        7,
        3,
        1.14530184860934
      ],
      [
        7,
        4,
        0.9423148522846531
      ],
      [
        7,
        5,
        1.1508859847673338
      ],
      [
        7,
        6,
        1.009496954552128
      ],
      [
        7,
        7,
        1.0575298486926177
      ],
      [
        7,
        8,
        1.1209056785111249
      ],
      [
        7,
        9,
        1.0206575324908744
      ],
      [
        7,
        10,
        1.0041093169678108
      ],
      [
        7,
        11,
        0.9893986339079921
      ],
      [
        7,
        12,
        1.1457234426354574
      ],
      [
        7,
        13,
        1.0018406101852502
      ],
      [
        11,
        1,
        0.9803673167483753
      ],
      [
        11,
        2,
        1.1603380361713562
      ],
      [
        11,
        3,
        1.1473633694153809
      ],
      [
        11,
        4,
        0.9008923543550925
      ],
      [
        11,
        5,
        1.026672674411503
      ],
      [
        11,
        6,
        1.012833058798288
      ],
      [
        11,
        7,
        1.1543057103172525
      ],
      [
        11,
        8,
        0.988867415849723
      ],
      [
        11,
        9,
        1.1529803142407054
      ],
      [
        11,
        10,
        0.9994063137909274
      ],
      [
        11,
        11,
        1.0139901061941137
      ],
      [
        11,
        12,
        0.8435096492343488
      ],
      [
        11,
        13,
        1.1418336700291432
      ],
      [
        3,
        1,
        1.0055634687048265
      ],
      [
        3,
        2,
        1.0023481066120261
      ],
      [
        3,
        3,
        1.0179676390204455
      ],
      [
        3,
        4,
        0.8932414479591058
      ],
      [
        3,
        5,
        0.928049645246286
      ],
      [
        3,
        6,
        1.1719567074023824
      ],
      [
        3,
        7,
        0.9899594942486566
      ],
      [
        3,
        8,
        0.90791352368961
      ],
      [
        3,
        9,
        0.9964986506429854
      ],
      [
        3,
        10,
        1.0826440842555436
      ],
      [
        3,
        11,
        1.0230490414451543
      ],
      [
        3,
        12,
        1.0053670429225197
      ],
      [
        3,
        13,
        1.0641332543864088
      ],
      [
        18,
        1,
        0.9996937607208278
      ],
      [
        18,
        2,
        0.9931307538397923
      ],
      [
        18,
        3,
        1.143787075836465
      ],
      [
        18,
        4,
        1.1308452188274316
      ],
      [
        18,
        5,
        0.9003524035382333
      ],
      [
        18,
        6,
        0.9027032396190314
      ],
      [
        18,
        7,
        1.00827644264047
      ],
      [
        18,
        8,
        1.0559972038940497
      ],
      [
        18,
        9,
        1.0980003889203678
      ],
      [
        18,
        10,
        1.0043876583444864
      ],
      [
        18,
        11,
        0.8585893892018616
      ],
      [
        18,
        12,
        0.8930199052302554
      ],
      [
        18,
        13,
        0.8955326191995758
      ],
      [
        19,
        1,
        1.1898889488836415
      ],
      [
        19,
        2,
        1.1895234079706873
      ],
      [
        19,
        3,
        1.1794861549378681
      ],
      [
        19,
        4,
        1.0561923300084615
      ],
      [
        19,
        5,
        1.0296587232514245
      ],
      [
        19,
        6,
        1.0483759247126316
      ],
      [
        19,
        7,
        1.0366020413781623
      ],
      [
        19,
        8,
        1.156337950857906
      ],
      [
        19,
        9,
        1.1741359117460022
      ],
      [
        19,
        10,
        1.1845400719714492
      ],
      [
        19,
        11,
        1.0584045897754815
      ],
      [
        19,
        12,
        1.0507592446369247
      ],
      [
        19,
        13,
        1.1655492372333054
      ],
      [
        2,
        1,
        0.7190999587839069
      ],
      [
        2,
        2,
        0.7064194801159213
      ],
      [
        2,
        3,
        0.8787908377117893
      ],
      [
        2,
        4,
        0.7015262957877426
      ],
      [
        2,
        5,
        0.8703109194163766
      ],
      [
        2,
        6,
        0.8555075376976838
      ],
      [
        2,
        7,
        0.8113581124921075
      ],
      [
        2,
        8,
        0.7559205278480984
      ],
      [
        2,
        9,
        0.9448364626806481
      ],
      [
        2,
        10,
        0.9448975169224569
      ],
      [
        2,
        11,
        0.9087214029844185
      ],
      [
        2,
        12,
        0.9852318192438002
      ],
      [
        2,
        13,
        0.8532273621747113
      ],
      [
        17,
        1,
        0.9526193739834822
      ],
      [
        17,
        2,
        1.2716229396164753
      ],
      [
        17,
        3,
        0.8629836287460388
      ],
      [
        17,
        4,
        0.9466850595516553
      ],
      [
        17,
        5,
        1.2734172879057668
      ],
      [
        17,
        6,
        1.0518351992213668
      ],
      [
        17,
        7,
        1.5634634556100349
      ],
      [
        17,
        8,
        1.271879271494831
      ],
      [
        17,
        9,
        1.220364904305825
      ],
      [
        17,
        10,
        1.0556609077417778
      ],
      [
        17,
        11,
        1.0414512377685223
      ],
      [
        17,
        12,
        0.9610908352892173
      ],
      [
        17,
        13,
        1.0612398390267266
      ],
      [
        16,
        1,
