{
  "axis_y_labels": [
    0,
    1,
    2,
    3,
    4,
    5,
    6,
    7,
    8,
    9,
    10,
    11,
    12,
    13
  ],
  "table": {
    "0": [
      [
        19,
        1,
        1.005043546235002
      ],
      [
        19,
        2,
        1.013647002171074
      ],
      [
        19,
        3,
        1.0095845073117995
      ],
      [
        19,
        4,
        1.0246727637526831
      ],
      [
        19,
        5,
        1.0232107620478292
      ],
      [
        19,
        6,
        1.0178779812960754
      ],
      [
        19,
        7,
        1.025736037416488
      ],
      [
        19,
        8,
        1.0093694569643226
      ],
      [
        19,
        9,
        1.010622115327192
      ],
      [
        19,
        10,
        1.027467907800555
      ],
      [
        19,
        11,
        1.011946318249104
      ],
      [
        19,
        12,
        0.9979922762332938
      ],
      [
        19,
        13,
        1.0093227532812765
      ],
      [
        20,
        1,
        1.0093520272752943
      ],
      [
        20,
        2,
        1.0124543033616296
      ],
      [
        20,
        3,
        0.9991672305210014
      ],
      [
        20,
        4,
        1.0106282583785264
      ],
      [
        20,
        5,
        1.0120780614837726
      ],
      [
        20,
        6,
        1.016115672207737
      ],
      [
        20,
        7,
        1.0204096202230506
      ],
      [
        20,
        8,
        1.0082407403520772
      ],
      [
        20,
        9,
        1.0107978571792942
      ],
      [
        20,
        10,
        1.0102050802086375
      ],
      [
        20,
        11,
        0.9972382706245682
      ],
      [
        20,
        12,
        1.0033536950655029
      ],
      [
        20,
        13,
        1.011248633775413
      ],
      [
        2,
        1,
        0.9986635743970196
      ],
      [
        2,
        2,
        0.9965708715111643
      ],
      [
        2,
        3,
        0.9878132318675622
      ],
      [
        2,
        4,
        1.0047054092280148
      ],
      [
        2,
        5,
        0.9995937088338102
      ],
      [
        2,
        6,
        0.9991693780175411
      ],
      [
        2,
        7,
        1.0032648388491765
      ],
      [
        2,
        8,
        0.9900688189974358
      ],
      [
        2,
        9,
        0.9789061698375474
      ],
      [
        2,
        10,
        0.9987302130515722
      ],
      [
        2,
        11,
        1.0006133029700073
      ],
      [
        2,
        12,
        0.9836312150839854
      ],
      [
        2,
        13,
        1.003197745494863
      ],
      [
        6,
        1,
        1.032105640194328
      ],
      [
        6,
        2,
        1.037040228558639
      ],
      [
        6,
        3,
        1.0349133973386462
      ],
      [
        6,
        4,
        1.0332755269485931
      ],
      [
        6,
        5,
        1.0021529938667568
      ],
      [
        6,
        6,
        1.0355872837763764
      ],
      [
        6,
        7,
        1.0333947216308763
      ],
      [
        6,
        8,
        1.037960174084423
      ],
      [
        6,
        9,
        1.0285455956002043
      ],
      [
        6,
        10,
        1.0245676917625643
      ],
      [
        6,
        11,
        1.0219991267588047
      ],
      [
        6,
        12,
        0.9578406187973595
      ],
      [
        6,
        13,
        1.033680214008936
      ],
      [
        1,
        1,
        0.911088824264186
      ],
      [
        1,
        2,
        1.1153996245940985
      ],
      [
        1,
        3,
        1.0923563037251411
      ],
      [
        1,
        4,
        1.105057749912755
      ],
      [
        1,
        5,
        1.1017739710973624
      ],
      [
        1,
        6,
        1.060182033529237
      ],
      [
        1,
        7,
        1.1182704185822792
      ],
      [
        1,
        8,
        1.0231256064026482
      ],
      [
        1,
        9,
        1.0048649547655337
      ],
      [
        1,
        10,
        1.1061631261421343
      ],
      [
        1,
        11,
        1.1166317403309554
      ],
      [
        1,
        12,
        1.079970566906966
      ],
      [
        1,
        13,
        1.0130763804671377
      ],
      [
        3,
        1,
        1.0096974411337338
      ],
      [
        3,
        2,
        1.008829430387359
      ],
      [
        3,
        3,
        1.0039215253313907
      ],
      [
        3,
        4,
        1.0065761793015418
      ],
      [
        3,
        5,
        1.0031164876969856
      ],
      [
        3,
        6,
        0.9322378276881716
      ],
      [
        3,
        7,
        0.9859806156342525
      ],
      [
        3,
        8,
        0.975187870950279
      ],
      [
        3,
        9,
        1.0011497181485447
      ],
      [
        3,
        10,
        1.0005544578596934
      ],
      [
        3,
        11,
        0.925858913536066
      ],
      [
        3,
        12,
        1.000806962179431
      ],
      [
        3,
        13,
        1.0116063369621207
      ],
      [
        5,
        1,
        1.0244082739590845
      ],
      [
        5,
        2,
        1.0254731212524322
      ],
      [
        5,
        3,
        1.0226916536440709
      ],
      [
        5,
        4,
        1.011499627885349
      ],
      [
        5,
        5,
        1.0262191533416716
      ],
      [
        5,
        6,
        1.020717262993975
      ],
      [
        5,
        7,
        1.0336511617448598
      ],
      [
        5,
        8,
        1.0226845059641512
      ],
      [
        5,
        9,
        1.019934145486639
      ],
      [
        5,
        10,
        1.0239748193727611
      ],
      [
        5,
        11,
        1.0187206125301818
      ],
      [
        5,
        12,
        1.0176903708539158
      ],
      [
        5,
        13,
        1.026358755974045
      ],
      [
        13,
        1,
        1.0068905755430502
      ],
      [
        13,
        2,
        1.000270857575625
      ],
      [
        13,
        3,
        0.9915221291938596
      ],
      [
        13,
        4,
        0.8813239839896616
      ],
      [
        13,
        5,
        0.9573944912097722
      ],
      [
        13,
        6,
        1.0046188899459283
      ],
      [
        13,
        7,
        1.0081227965024522
      ],
      [
        13,
        8,
        0.994722837722902
      ],
      [
        13,
        9,
        1.0018904416761862
      ],
      [
        13,
        10,
        1.0009212794084057
      ],
      [
        13,
        11,
        1.0015955282848865
      ],
      [
        13,
        12,
        0.9859709126865157
      ],
      [
        13,
        13,
        0.9928514095884634
      ],
      [
        15,
        1,
        1.0056193835798748
      ],
      [
        15,
        2,
        1.021815192535663
      ],
      [
        15,
        3,
        1.169279532531582
      ],
      [
        15,
        4,
        1.1862337499314763
      ],
      [
        15,
        5,
        1.1693747720924639
      ],
      [
        15,
        6,
        1.175874883069872
      ],
      [
        15,
        7,
        1.0574522594509057
      ],
      [
        15,
        8,
        1.0079496611470438
      ],
      [
        15,
        9,
        1.02969948659057
      ],
      [
        15,
        10,
        1.1752347758737536
      ],
      [
        15,
        11,
        1.1802985320980819
      ],
      [
        15,
        12,
        1.1551056841432938
      ],
      [
        15,
        13,
        1.1725555023284668
      ],
      [
        8,
        1,
        1.1113620677328853
      ],
