{
  "axis_y_labels": [
    0,
    1,
    2,
    3,
    4,
    5,
    6,
    7,
    8,
    9,
    10,
    11,
    12,
    13
  ],
  "table": {
    "0": [
      [
        5,
        1,
        0.9320757992033518
      ],
      [
        5,
        2,
        0.9454656449317715
      ],
      [
        5,
        3,
        1.222369061588781
      ],
      [
        5,
        4,
        1.3085762896495547
      ],
      [
        5,
        5,
        1.386849695293683
      ],
      [
        5,
        6,
        1.2993487607301495
      ],
      [
        5,
        7,
        1.3589552330866796
      ],
      [
        5,
        8,
        1.3408434966342737
      ],
      [
        5,
        9,
        1.1771335081968324
      ],
      [
        5,
        10,
        1.0785261699777484
      ],
      [
        5,
        11,
        1.1576777439361918
      ],
      [
        5,
        12,
        1.1072138071438589
      ],
      [
        5,
        13,
        1.0134626150508972
      ],
      [
        10,
        1,
        1.1291342466575882
      ],
      [
        10,
        2,
        1.1223226903743153
      ],
      [
        10,
        3,
        1.1539780096780268
      ],
      [
        10,
        4,
        1.1942308400270372
      ],
      [
        10,
        5,
        1.3484272993731203
      ],
      [
        10,
        6,
        1.1032774528047353
      ],
      [
        10,
        7,
        0.9519255576213146
      ],
      [
        10,
        8,
        1.3336566260981624
      ],
      [
        10,
        9,
        1.1657295392966962
      ],
      [
        10,
        10,
        1.0525577214606012
      ],
      [
        10,
        11,
        0.9304315792335713
      ],
      [
        10,
        12,
        0.8925358753797216
      ],
      [
        10,
        13,
        1.140392898336817
      ],
      [
        16,
        1,
        1.004780181044385
      ],
      [
        16,
        2,
        1.002557036876896
      ],
      [
        16,
        3,
        0.9029280794071645
      ],
      [
        16,
        4,
        0.8968760659965065
      ],
      [
        16,
        5,
        1.039162071374165
      ],
      [
        16,
        6,
        0.9000604276340473
      ],
      [
        16,
        7,
        0.9552233373790104
      ],
      [
        16,
        8,
        1.0886960947417506
      ],
      [
        16,
        9,
        1.09283739495029
      ],
      [
        16,
        10,
        0.9809661096338725
      ],
      [
        16,
        11,
        0.9742633871128039
      ],
      [
        16,
        12,
        0.9227152069200928
      ],
      [
        16,
        13,
        0.9700112685788039
      ],
      [
        19,
        1,
        1.2494164645108632
      ],
      [
        19,
        2,
        1.2502198079832387
      ],
      [
        19,
        3,
        1.1316837451969615
      ],
      [
        19,
        4,
        1.288159649234123
      ],
      [
        19,
        5,
        1.3964445802104892
      ],
      [
        19,
        6,
        1.29627602005713
      ],
      [
        19,
        7,
        1.3824926375358026
      ],
      [
        19,
        8,
        1.3759548038672247
      ],
      [
        19,
        9,
        1.3635035732115748
      ],
      [
        19,
        10,
        1.2585901276880611
      ],
      [
        19,
        11,
        0.8060038885718858
      ],
      [
        19,
        12,
        1.206770920089076
      ],
      [
        19,
        13,
        0.9702776648083962
      ],
      [
        14,
        1,
        1.0471371408852364
      ],
      [
        14,
        2,
        0.9289926516966414
      ],
      [
        14,
        3,
        0.8588506015765639
      ],
      [
        14,
        4,
        1.1129118247387082
      ],
      [
        14,
        5,
        1.0061767282260143
      ],
      [
        14,
        6,
        0.9840923745076486
      ],
      [
        14,
        7,
        1.175589128720273
      ],
      [
        14,
        8,
        1.0999591153718387
      ],
      [
        14,
        9,
        1.0352037394823532
      ],
      [
        14,
        10,
        0.9226990086666791
      ],
      [
        14,
        11,
        0.8487869632188947
      ],
      [
        14,
        12,
        0.8943239928590764
      ],
      [
        14,
        13,
        1.0236574534169225
      ],
      [
        18,
        1,
        1.1034125534618495
      ],
      [
        18,
        2,
        1.0608392099107578
      ],
      [
        18,
        3,
        0.9080058544833343
      ],
      [
        18,
        4,
        0.916518658037336
      ],
      [
        18,
        5,
        1.127175757042077
      ],
      [
        18,
        6,
        1.0336954403738305
      ],
      [
        18,
        7,
        1.2126335484054687
      ],
      [
        18,
        8,
        1.1425201558234874
      ],
      [
        18,
        9,
        1.0211981210120968
      ],
      [
        18,
        10,
        0.9575170146666588
      ],
      [
        18,
        11,
        0.8586587067509368
      ],
      [
        18,
        12,
        0.9579317045009601
      ],
      [
        18,
        13,
        0.9336047779019593
      ],
      [
        2,
        1,
        0.9893310769861119
      ],
      [
        2,
        2,
        0.8869215999470891
      ],
      [
        2,
        3,
        1.0231131411478573
      ],
      [
        2,
        4,
        0.9768548570981354
      ],
      [
        2,
        5,
        1.1263933133454722
      ],
      [
        2,
        6,
        1.047410080046115
      ],
      [
        2,
        7,
        1.0401132985585282
      ],
      [
        2,
        8,
        0.9776816769012141
      ],
      [
        2,
        9,
        1.0929932845490065
      ],
      [
        2,
        10,
        0.8519103481479031
      ],
      [
        2,
        11,
        0.8855453560620737
      ],
      [
        2,
        12,
        0.8507576118040556
      ],
      [
        2,
        13,
        0.7648103682505439
      ],
      [
        3,
        1,
        1.0000726397412458
      ],
      [
        3,
        2,
        0.9996025169794377
      ],
      [
        3,
        3,
        1.0574118570120135
      ],
      [
        3,
        4,
        1.03177028232298
      ],
      [
        3,
        5,
        1.0971788082962315
      ],
      [
        3,
        6,
        1.0215271052343076
      ],
      [
        3,
        7,
        1.0660980029186677
      ],
      [
        3,
        8,
        1.0926500452838446
      ],
      [
        3,
        9,
        1.076157689652348
      ],
      [
        3,
        10,
        1.0010662962858143
      ],
      [
        3,
        11,
        0.968841328584326
      ],
      [
        3,
        12,
        0.9589377871643373
      ],
      [
        3,
        13,
        0.9544758908264938
      ],
      [
        1,
        1,
        1.022080839949763
      ],
      [
        1,
        2,
        0.9858207721380152
      ],
      [
        1,
        3,
        0.9534679622554537
      ],
      [
        1,
        4,
        0.9901296232454599
      ],
      [
        1,
        5,
        1.1508243086088776
      ],
      [
        1,
        6,
        0.7817783628615851
      ],
      [
        1,
        7,
        1.1240723937366197
      ],
      [
        1,
        8,
        1.1098344877414736
      ],
      [
        1,
        9,
        0.9530056281709299
      ],
      [
        1,
        10,
        1.0296313735714766
      ],
      [
        1,
        11,
        0.9845924514160088
      ],
      [
        1,
        12,
        0.9760203622882675
      ],
      [
        1,
        13,
        0.9165223955239983
      ],
      [
        20,
        1,
