{
  "axis_y_labels": [
    0,
    1,
    2,
    3,
    4,
    5,
    6,
    7,
    8,
    9,
    10,
    11,
    12,
    13
  ],
  "table": {
    "0": [
      [
        1,
        1,
        0.9912212075870416
      ],
      [
        1,
        2,
        0.9917850061525307
      ],
      [
        1,
        3,
        1.0057633785276823
      ],
      [
        1,
        4,
        1.0288710834838792
      ],
      [
        1,
        5,
        1.0302157234348182
      ],
      [
        1,
        6,
        1.0066583442792272
      ],
      [
        1,
        7,
        1.0355779315612625
      ],
      [
        1,
        8,
        1.0344828083447604
      ],
      [
        1,
        9,
        1.0470012047741872
      ],
      [
        1,
        10,
        1.0625551654426368
      ],
      [
        1,
        11,
        1.2762910113523223
      ],
      [
        1,
        12,
        0.6954607938368967
      ],
      [
        1,
        13,
        1.0332655054341022
      ],
      [
        10,
        1,
        0.9847379648446315
      ],
      [
        10,
        2,
        0.9863059026670189
      ],
      [
        10,
        3,
        0.9984168578134023
      ],
      [
        10,
        4,
        1.0271132742213398
      ],
      [
        10,
        5,
        1.021985000468387
      ],
      [
        10,
        6,
        0.987695533706482
      ],
      [
        10,
        7,
        1.0219497444658594
      ],
      [
        10,
        8,
        1.0289831489840147
      ],
      [
        10,
        9,
        1.040009948847423
      ],
      [
        10,
        10,
        1.0577649990963491
      ],
      [
        10,
        11,
        1.267476864022475
      ],
      [
        10,
        12,
        0.768691579224607
      ],
      [
        10,
        13,
        1.0282905009794017
      ],
      [
        8,
        1,
        0.9884441985965637
      ],
      [
        8,
        2,
        0.983900115829213
      ],
      [
        8,
        3,
        1.0016012861924413
      ],
      [
        8,
        4,
        1.0309970008494704
      ],
      [
        8,
        5,
        1.005799446264585
      ],
      [
        8,
        6,
        0.9452695534170457
      ],
      [
        8,
        7,
        1.032469651444213
      ],
      [
        8,
        8,
        1.0274773824575247
      ],
      [
        8,
        9,
        1.0066658949844574
      ],
      [
        8,
        10,
        1.0353857273424143
      ],
      [
        8,
        11,
        1.2724175897948893
      ],
      [
        8,
        12,
        0.7441575024935981
      ],
      [
        8,
        13,
        1.0311718054685142
      ],
      [
        12,
        1,
        0.9852709762574883
      ],
      [
        12,
        2,
        0.9870143973754681
      ],
      [
        12,
        3,
        0.9999164107433918
      ],
      [
        12,
        4,
        1.026648704273808
      ],
      [
        12,
        5,
        1.0275497045732889
      ],
      [
        12,
        6,
        0.9996776326930291
      ],
      [
        12,
        7,
        1.0309533076681001
      ],
      [
        12,
        8,
        1.027216411131447
      ],
      [
        12,
        9,
        1.0442680965932256
      ],
      [
        12,
        10,
        1.0637547604645021
      ],
      [
        12,
        11,
        1.2724151601103793
      ],
      [
        12,
        12,
        0.6626383782258676
      ],
      [
        12,
        13,
        1.0285900733952
      ],
      [
        15,
        1,
        0.9828700853263411
      ],
      [
        15,
        2,
        0.9801102120887086
      ],
      [
        15,
        3,
        0.9983131426244528
      ],
      [
        15,
        4,
        1.0275893440115786
      ],
      [
        15,
        5,
        1.0246511521961326
      ],
      [
        15,
        6,
        0.999653103166996
      ],
      [
        15,
        7,
        1.0272264885855693
      ],
      [
        15,
        8,
        1.019454552315758
      ],
      [
        15,
        9,
        1.044000465020811
      ],
      [
        15,
        10,
        1.0519190351774577
      ],
      [
        15,
        11,
        1.2607268287001148
      ],
      [
        15,
        12,
        0.7228826938001411
      ],
      [
        15,
        13,
        1.0246683896975501
      ],
      [
        4,
        1,
        0.9880078218197607
      ],
      [
        4,
        2,
        0.9860420279532446
      ],
      [
        4,
        3,
        1.0028907016299515
      ],
      [
        4,
        4,
        1.0259635972655134
      ],
      [
        4,
        5,
        1.031290102251
      ],
      [
        4,
        6,
        1.0078617971386836
      ],
      [
        4,
        7,
        1.0371516671174756
      ],
      [
        4,
        8,
        1.0262914129089886
      ],
      [
        4,
        9,
        1.0465259955979285
      ],
      [
        4,
        10,
        1.0680387122191974
      ],
      [
        4,
        11,
        1.2751969972523052
      ],
      [
        4,
        12,
        0.7784449661877026
      ],
      [
        4,
        13,
        1.0371198038782212
      ],
      [
        17,
        1,
        0.9863147389909285
      ],
      [
        17,
        2,
        0.9863467993206831
      ],
      [
        17,
        3,
        0.9980163114383758
      ],
      [
        17,
        4,
        1.0246989770429087
      ],
      [
        17,
        5,
        1.028777730987627
      ],
      [
        17,
        6,
        0.9528687323153157
      ],
      [
        17,
        7,
        1.0215527734260765
      ],
      [
        17,
        8,
        1.026934431294683
      ],
      [
        17,
        9,
        1.0415551027705792
      ],
      [
        17,
        10,
        1.0594910734716974
      ],
      [
        17,
        11,
        1.2637760925321124
      ],
      [
        17,
        12,
        0.6820650078628678
      ],
      [
        17,
        13,
        0.9926798556738237
      ],
      [
        7,
        1,
        0.9892198060683403
      ],
      [
        7,
        2,
        0.9863123949784799
      ],
      [
        7,
        3,
        1.0029226543454894
      ],
      [
        7,
        4,
        1.0281016999379093
      ],
      [
        7,
        5,
        1.0223473750087604
      ],
      [
        7,
        6,
        1.0029345498388484
      ],
      [
        7,
        7,
        1.0310118514734363
      ],
      [
        7,
        8,
        1.031882221650673
      ],
      [
        7,
        9,
        1.0447974835839242
      ],
      [
        7,
        10,
        1.062335871726418
      ],
      [
        7,
        11,
        1.2682785397658098
      ],
      [
        7,
        12,
        0.7735120959839646
      ],
      [
        7,
        13,
        1.0318024058854423
      ],
      [
        11,
        1,
        0.9883136350177655
      ],
      [
        11,
        2,
        0.9243158763436843
      ],
      [
        11,
        3,
        0.9968197253295148
      ],
      [
        11,
        4,
        1.0313375076946811
      ],
      [
        11,
        5,
        1.0242718827019
      ],
      [
        11,
        6,
        1.002002798167775
      ],
      [
        11,
        7,
        1.0292678908550597
      ],
      [
        11,
        8,
        1.0264740493410962
      ],
      [
        11,
        9,
        1.0403909198720254
      ],
      [
        11,
        10,
        1.0572455675390264
      ],
      [
        11,
        11,
        1.269917640280184
      ],
      [
        11,
        12,
        0.6747298138922075
      ],
      [
        11,
        13,
        1.0309368706797313
      ],
      [
        18,
        1,
