{
  "axis_y_labels": [
    0,
    1,
    2,
    3,
    4,
    5,
    6,
    7,
    8,
    9,
    10,
    11,
    12,
    13
  ],
  "table": {
    "0": [
      [
        19,
        1,
        0.904225780558221
      ],
      [
        19,
        2,
        0.9050378854725967
      ],
      [
        19,
        3,
        0.8615465622812328
      ],
      [
        19,
        4,
        0.8792232855800639
      ],
      [
        19,
        5,
        0.8797194276573209
      ],
      [
        19,
        6,
        0.877860890218025
      ],
      [
        19,
        7,
        0.884410897988126
      ],
      [
        19,
        8,
        0.8891202796143892
      ],
      [
        19,
        9,
        0.974573041166395
      ],
      [
        19,
        10,
        0.8767662348758191
      ],
      [
        19,
        11,
        0.8340379748703092
      ],
      [
        19,
        12,
        0.6456780692936632
      ],
      [
        19,
        13,
        1.0049419179257746
      ],
      [
        20,
        1,
        1.1118048522057742
      ],
      [
        20,
        2,
        1.1059204295442953
      ],
      [
        20,
        3,
        1.0429924347069146
      ],
      [
        20,
        4,
        1.0797266821247804
      ],
      [
        20,
        5,
        0.9785006661503527
      ],
      [
        20,
        6,
        0.9680267349467331
      ],
      [
        20,
        7,
        1.078644116762102
      ],
      [
        20,
        8,
        1.0826973721497721
      ],
      [
        20,
        9,
        1.0769252525938973
      ],
      [
        20,
        10,
        1.0766400696386627
      ],
      [
        20,
        11,
        0.9171072565450975
      ],
      [
        20,
        12,
        0.988765368406135
      ],
      [
        20,
        13,
        1.1000821299068526
      ],
      [
        2,
        1,
        1.0055173010152962
      ],
      [
        2,
        2,
        0.9379699511811908
      ],
      [
        2,
        3,
        0.8461622880952913
      ],
      [
        2,
        4,
        0.8687523677001242
      ],
      [
        2,
        5,
        0.9239843410929709
      ],
      [
        2,
        6,
        0.8582953871364523
      ],
      [
        2,
        7,
        0.9387129502376296
      ],
      [
        2,
        8,
        0.8026562484027049
      ],
      [
        2,
        9,
        0.8061078457727122
      ],
      [
        2,
        10,
        0.8697139558800216
      ],
      [
        2,
        11,
        0.8248507853382957
      ],
      [
        2,
        12,
        0.8546950129322238
      ],
      [
        2,
        13,
        1.0206824205328906
      ],
      [
        6,
        1,
        0.9033619810580217
      ],
      [
        6,
        2,
        1.0016508693907706
      ],
      [
        6,
        3,
        0.863967103652769
      ],
      [
        6,
        4,
        0.8498072481061245
      ],
      [
        6,
        5,
        0.8817300467266924
      ],
      [
        6,
        6,
        0.9660508204081064
      ],
      [
        6,
        7,
        0.9790158236751582
      ],
      [
        6,
        8,
        0.885860738347524
      ],
      [
        6,
        9,
        0.9651720869569136
      ],
      [
        6,
        10,
        0.8867105845983959
      ],
      [
        6,
        11,
        0.913511155606142
      ],
      [
        6,
        12,
        0.8957082525728853
      ],
      [
        6,
        13,
        1.0047469981167854
      ],
      [
        1,
        1,
        0.8969570453951388
      ],
      [
        1,
        2,
        1.000105789519845
      ],
      [
        1,
        3,
        0.8728695112348811
      ],
      [
        1,
        4,
        0.7451655056274901
      ],
      [
        1,
        5,
        0.8569264472283907
      ],
      [
        1,
        6,
        0.8888728164988441
      ],
      [
        1,
        7,
        0.895019410347642
      ],
      [
        1,
        8,
        0.8131937163365691
      ],
      [
        1,
        9,
        0.8520067877898181
      ],
      [
        1,
        10,
        0.9824163812447979
      ],
      [
        1,
        11,
        0.9361478512463455
      ],
      [
        1,
        12,
        0.9217481917178607
      ],
      [
        1,
        13,
        0.8997488601272202
      ],
      [
        3,
        1,
        0.9023142524581402
      ],
      [
        3,
        2,
        0.9074928684009649
      ],
      [
        3,
        3,
        0.8746069765994189
      ],
      [
        3,
        4,
        0.8800983237743719
      ],
      [
        3,
        5,
        0.9367990227827088
      ],
      [
        3,
        6,
        0.9338143356900986
      ],
      [
        3,
        7,
        0.935867772011379
      ],
      [
        3,
        8,
        0.9501032899905469
      ],
      [
        3,
        9,
        0.8802250864945805
      ],
      [
        3,
        10,
        0.8856012694661266
      ],
      [
        3,
        11,
        0.9142192212269925
      ],
      [
        3,
        12,
        0.7890027051189106
      ],
      [
        3,
        13,
        0.9604716904997281
      ],
      [
        5,
        1,
        1.0018794383461334
      ],
      [
        5,
        2,
        0.9101783776543911
      ],
      [
        5,
        3,
        0.9572587242811041
      ],
      [
        5,
        4,
        0.8108492069175266
      ],
      [
        5,
        5,
        0.9341098181586712
      ],
      [
        5,
        6,
        0.9640525281791321
      ],
      [
        5,
        7,
        0.979663932816873
      ],
      [
        5,
        8,
        0.9835495605239527
      ],
      [
        5,
        9,
        0.967995945933907
      ],
      [
        5,
        10,
        0.9711946697753938
      ],
      [
        5,
        11,
        0.8854975207236362
      ],
      [
        5,
        12,
        0.895960006744024
      ],
      [
        5,
        13,
        1.0004240224123613
      ],
      [
        13,
        1,
        0.9031936676441732
      ],
      [
        13,
        2,
        0.907312171651952
      ],
      [
        13,
        3,
        0.7034923884161297
      ],
      [
        13,
        4,
        0.8811073090863948
      ],
      [
        13,
        5,
        0.9765055266947964
      ],
      [
        13,
        6,
        0.9342864198058958
      ],
      [
        13,
        7,
        0.8843261202312908
      ],
      [
        13,
        8,
        0.8110952685430628
      ],
      [
        13,
        9,
        0.9058224274981813
      ],
      [
        13,
        10,
        0.9391998977367713
      ],
      [
        13,
        11,
        0.7687601306741474
      ],
      [
        13,
        12,
        0.8645765944915059
      ],
      [
        13,
        13,
        0.9061699669856522
      ],
      [
        15,
        1,
        0.8973751719860056
      ],
      [
        15,
        2,
        0.8506010326583953
      ],
      [
        15,
        3,
        0.6829165182738686
      ],
      [
        15,
        4,
        0.9834604550681432
      ],
      [
        15,
        5,
        0.6400940414495241
      ],
      [
        15,
        6,
        0.6950523276920766
      ],
      [
        15,
        7,
        0.9917104855100951
      ],
      [
        15,
        8,
        0.8488403876729048
      ],
      [
        15,
        9,
        0.8840798621495698
      ],
      [
        15,
        10,
        0.6572999730342532
      ],
      [
        15,
        11,
        0.8404936772445388
      ],
      [
        15,
        12,
        0.8224129591845611
      ],
      [
        15,
        13,
        0.773524813254382
      ],
      [
        8,
        1,
