{
  "axis_y_labels": [
    0,
    1,
    2,
    3,
    4,
    5,
    6,
    7,
    8,
    9,
    10,
    11,
    12,
    13
  ],
  "table": {
    "0": [
      [
        11,
        1,
        0.9920399582753016
      ],
      [
        11,
        2,
        1.0052100777520476
      ],
      [
        11,
        3,
        0.970293293465356
      ],
      [
        11,
        4,
        0.9870418219037371
      ],
      [
        11,
        5,
        0.9941324390571806
      ],
      [
        11,
        6,
        0.982155292373442
      ],
      [
        11,
        7,
        1.0041862191630273
      ],
      [
        11,
        8,
        0.9719847347272941
      ],
      [
        11,
        9,
        0.9891764330959056
      ],
      [
        11,
        10,
        0.9900762969564837
      ],
      [
        11,
        11,
        0.9903868526508044
      ],
      [
        11,
        12,
        0.9873233674637065
      ],
      [
        11,
        13,
        0.9929077753080625
      ],
      [
        19,
        1,
        0.9955772725470846
      ],
      [
        19,
        2,
        1.0178179985354836
      ],
      [
        19,
        3,
        0.9887994257560989
      ],
      [
        19,
        4,
        1.003191782348279
      ],
      [
        19,
        5,
        1.0063030861049203
      ],
      [
        19,
        6,
        0.9810292726436725
      ],
      [
        19,
        7,
        1.0056617542070103
      ],
      [
        19,
        8,
        1.0012245233674981
      ],
      [
        19,
        9,
        0.9998326897423517
      ],
      [
        19,
        10,
        0.997428551481436
      ],
      [
        19,
        11,
        1.0052752082906726
      ],
      [
        19,
        12,
        1.0004913586606865
      ],
      [
        19,
        13,
        1.0095162880605772
      ],
      [
        16,
        1,
        1.0121974966568927
      ],
      [
        16,
        2,
        1.0054229485744417
      ],
      [
        16,
        3,
        0.9852223337441098
      ],
      [
        16,
        4,
        1.0026340930422808
      ],
      [
        16,
        5,
        1.0002076224720167
      ],
      [
        16,
        6,
        1.0090269757910049
      ],
      [
        16,
        7,
        1.0126581237344547
      ],
      [
        16,
        8,
        1.0068385520171899
      ],
      [
        16,
        9,
        1.0133607532722853
      ],
      [
        16,
        10,
        0.9965313767143656
      ],
      [
        16,
        11,
        0.9911246720455
      ],
      [
        16,
        12,
        0.9922204365825644
      ],
      [
        16,
        13,
        1.0069851320431
      ],
      [
        4,
        1,
        1.0025141392938983
      ],
      [
        4,
        2,
        1.0123564661628826
      ],
      [
        4,
        3,
        0.9193436735692042
      ],
      [
        4,
        4,
        1.0076047949223772
      ],
      [
        4,
        5,
        1.0149198988504522
      ],
      [
        4,
        6,
        0.9876108558660339
      ],
      [
        4,
        7,
        0.9872856521865712
      ],
      [
        4,
        8,
        1.0035156377153345
      ],
      [
        4,
        9,
        1.0025537929141142
      ],
      [
        4,
        10,
        0.995329904028379
      ],
      [
        4,
        11,
        0.9942596223031855
      ],
      [
        4,
        12,
        0.9923009358081706
      ],
      [
        4,
        13,
        0.9957739472357513
      ],
      [
        10,
        1,
        1.0051186011680624
      ],
      [
        10,
        2,
        0.9973942010253898
      ],
      [
        10,
        3,
        0.9745891100520901
      ],
      [
        10,
        4,
        0.997451555970445
      ],
      [
        10,
        5,
        0.9963362173996451
      ],
      [
        10,
        6,
        1.0011129914019428
      ],
      [
        10,
        7,
        0.9816867813907473
      ],
      [
        10,
        8,
        1.0043466068141125
      ],
      [
        10,
        9,
        1.009268512036506
      ],
      [
        10,
        10,
        0.996394547597636
      ],
      [
        10,
        11,
        0.9994219089191856
      ],
      [
        10,
        12,
        0.9740190535745067
      ],
      [
        10,
        13,
        0.9912996405814856
      ],
      [
        13,
        1,
        1.0091452647899053
      ],
      [
        13,
        2,
        1.009310235834147
      ],
      [
        13,
        3,
        0.9791143044380884
      ],
      [
        13,
        4,
        1.0005287586341376
      ],
      [
        13,
        5,
        0.9971696299899659
      ],
      [
        13,
        6,
        1.0050042670659405
      ],
      [
        13,
        7,
        0.9558300508215093
      ],
      [
        13,
        8,
        0.9943260016614119
      ],
      [
        13,
        9,
        0.9878248414468102
      ],
      [
        13,
        10,
        0.9870908701200474
      ],
      [
        13,
        11,
        0.9983870912109609
      ],
      [
        13,
        12,
        0.9958030643761842
      ],
      [
        13,
        13,
        0.9740645925638531
      ],
      [
        7,
        1,
        0.9877599324531348
      ],
      [
        7,
        2,
        1.0101113141976306
      ],
      [
        7,
        3,
        0.9510146111833293
      ],
      [
        7,
        4,
        1.0082639943136267
      ],
      [
        7,
        5,
        1.0041737273178382
      ],
      [
        7,
        6,
        1.0021960057467734
      ],
      [
        7,
        7,
        0.978816876057639
      ],
      [
        7,
        8,
        1.0055747373379353
      ],
      [
        7,
        9,
        1.002835294473812
      ],
      [
        7,
        10,
        0.9847263303759282
      ],
      [
        7,
        11,
        0.9903144852839748
      ],
      [
        7,
        12,
        0.9857528488610248
      ],
      [
        7,
        13,
        0.9878515644428192
      ],
      [
        20,
        1,
        1.0108033178100422
      ],
      [
        20,
        2,
        1.0225442246929486
      ],
      [
        20,
        3,
        0.9984122157136286
      ],
      [
        20,
        4,
        1.0195437594147625
      ],
      [
        20,
        5,
        1.0216037401934663
      ],
      [
        20,
        6,
        1.0173023796016878
      ],
      [
        20,
        7,
        1.0194454891704927
      ],
      [
        20,
        8,
        0.9996587285749101
      ],
      [
        20,
        9,
        1.0092013621837872
      ],
      [
        20,
        10,
        1.007168129840293
      ],
      [
        20,
        11,
        1.022547674818482
      ],
      [
        20,
        12,
        1.0166533191871985
      ],
      [
        20,
        13,
        0.9903058202405435
      ],
      [
        12,
        1,
        0.9967121907997049
      ],
      [
        12,
        2,
        0.998481822920521
      ],
      [
        12,
        3,
        0.9612800714795309
      ],
      [
        12,
        4,
        0.9915683392912398
      ],
      [
        12,
        5,
        0.9518431384794316
      ],
      [
        12,
        6,
        0.9930961052118975
      ],
      [
        12,
        7,
        1.004833991220618
      ],
      [
        12,
        8,
        0.9803909909795441
      ],
      [
        12,
        9,
        0.9753692971005519
      ],
      [
        12,
        10,
        0.9920315659752728
      ],
      [
        12,
        11,
        0.9961097417524901
      ],
      [
        12,
        12,
        0.9873839369486771
      ],
      [
        12,
        13,
        0.9780898468590796
      ],
      [
        6,
