{
  "axis_y_labels": [
    0,
    1,
    2,
    3,
    4,
    5,
    6,
    7,
    8,
    9,
    10,
    11,
    12,
    13
  ],
  "table": {
    "0": [
      [
        19,
        1,
        0.9948968574905915
      ],
      [
        19,
        2,
        0.9952560001578996
      ],
      [
        19,
        3,
        1.3437469648382514
      ],
      [
        19,
        4,
        1.0279421163170543
      ],
      [
        19,
        5,
        1.4263274614240906
      ],
      [
        19,
        6,
        1.467456396641434
      ],
      [
        19,
        7,
        1.0438059609824197
      ],
      [
        19,
        8,
        1.0438570745984714
      ],
      [
        19,
        9,
        1.042436753137984
      ],
      [
        19,
        10,
        0.9897968120816903
      ],
      [
        19,
        11,
        1.0009646208938114
      ],
      [
        19,
        12,
        1.4643657760143758
      ],
      [
        19,
        13,
        0.9793512293355043
      ],
      [
        20,
        1,
        1.001865356030152
      ],
      [
        20,
        2,
        0.996844795802687
      ],
      [
        20,
        3,
        1.3464144796740873
      ],
      [
        20,
        4,
        1.0249792889337288
      ],
      [
        20,
        5,
        1.435226875632236
      ],
      [
        20,
        6,
        1.4702854173631261
      ],
      [
        20,
        7,
        1.0447412624698875
      ],
      [
        20,
        8,
        1.0457456153059748
      ],
      [
        20,
        9,
        1.0444582286458413
      ],
      [
        20,
        10,
        0.9862257080654727
      ],
      [
        20,
        11,
        0.996980397315408
      ],
      [
        20,
        12,
        1.467177042172243
      ],
      [
        20,
        13,
        0.9794205344177216
      ],
      [
        2,
        1,
        0.999637117249522
      ],
      [
        2,
        2,
        0.9999634520961256
      ],
      [
        2,
        3,
        1.3412402585721863
      ],
      [
        2,
        4,
        1.028005986180838
      ],
      [
        2,
        5,
        1.4205555992298204
      ],
      [
        2,
        6,
        1.4669844720746192
      ],
      [
        2,
        7,
        1.0480987070775276
      ],
      [
        2,
        8,
        1.0434486766264517
      ],
      [
        2,
        9,
        1.0403107969057792
      ],
      [
        2,
        10,
        0.9880375360992693
      ],
      [
        2,
        11,
        1.0000005162324652
      ],
      [
        2,
        12,
        1.4642453173334478
      ],
      [
        2,
        13,
        0.9731410621721052
      ],
      [
        6,
        1,
        1.0018443969788158
      ],
      [
        6,
        2,
        0.9999154569883776
      ],
      [
        6,
        3,
        1.3463115499954257
      ],
      [
        6,
        4,
        1.0299594278136968
      ],
      [
        6,
        5,
        1.4256677009829402
      ],
      [
        6,
        6,
        1.4603640044298207
      ],
      [
        6,
        7,
        1.0500683851781183
      ],
      [
        6,
        8,
        1.0458371528322479
      ],
      [
        6,
        9,
        1.0444373459391159
      ],
      [
        6,
        10,
        0.991653439599799
      ],
      [
        6,
        11,
        1.005315833906556
      ],
      [
        6,
        12,
        1.451158557819737
      ],
      [
        6,
        13,
        0.9753379817113031
      ],
      [
        1,
        1,
        1.0050688764974929
      ],
      [
        1,
        2,
        1.0036994583285943
      ],
      [
        1,
        3,
        1.3501949120541648
      ],
      [
        1,
        4,
        1.0334445155244083
      ],
      [
        1,
        5,
        1.4337255351226377
      ],
      [
        1,
        6,
        1.4749230122754362
      ],
      [
        1,
        7,
        1.05382214990802
      ],
      [
        1,
        8,
        1.0492324086589588
      ],
      [
        1,
        9,
        1.0480149124539853
      ],
      [
        1,
        10,
        0.9949000066081545
      ],
      [
        1,
        11,
        1.0104622416535396
      ],
      [
        1,
        12,
        1.461023247634832
      ],
      [
        1,
        13,
        0.9843724413602492
      ],
      [
        3,
        1,
        1.0014892562175992
      ],
      [
        3,
        2,
        1.0011007149078532
      ],
      [
        3,
        3,
        1.3366382660626976
      ],
      [
        3,
        4,
        1.0295901418464233
      ],
      [
        3,
        5,
        1.4346471718132672
      ],
      [
        3,
        6,
        1.4699803662459987
      ],
      [
        3,
        7,
        1.0500368645850113
      ],
      [
        3,
        8,
        1.045211656626538
      ],
      [
        3,
        9,
        1.0441615757912135
      ],
      [
        3,
        10,
        0.9913086831061889
      ],
      [
        3,
        11,
        1.0068259496870549
      ],
      [
        3,
        12,
        1.4665515643669147
      ],
      [
        3,
        13,
        0.9810167818038107
      ],
      [
        5,
        1,
        0.9998590343352394
      ],
      [
        5,
        2,
        0.9951143661586982
      ],
      [
        5,
        3,
        1.3412320762833905
      ],
      [
        5,
        4,
        1.0279174858508942
      ],
      [
        5,
        5,
        1.4324321254630472
      ],
      [
        5,
        6,
        1.4670750914828672
      ],
      [
        5,
        7,
        1.0433313830261628
      ],
      [
        5,
        8,
        1.0388464816374263
      ],
      [
        5,
        9,
        1.0315337269615137
      ],
      [
        5,
        10,
        0.9897355424834761
      ],
      [
        5,
        11,
        1.0005609981724632
      ],
      [
        5,
        12,
        1.4616375274296625
      ],
      [
        5,
        13,
        0.9741778717113123
      ],
      [
        13,
        1,
        0.999716550805802
      ],
      [
        13,
        2,
        0.9998616776527565
      ],
      [
        13,
        3,
        1.3438185223380625
      ],
      [
        13,
        4,
        1.0277723593725505
      ],
      [
        13,
        5,
        1.4321383016060745
      ],
      [
        13,
        6,
        1.45405911957199
      ],
      [
        13,
        7,
        1.0482115609130171
      ],
      [
        13,
        8,
        1.043777524503738
      ],
      [
        13,
        9,
        1.0423675644315182
      ],
      [
        13,
        10,
        0.9897065760845628
      ],
      [
        13,
        11,
        1.0020961198324718
      ],
      [
        13,
        12,
        1.4643117733412105
      ],
      [
        13,
        13,
        0.9793138040724575
      ],
      [
        15,
        1,
        0.9999256576865092
      ],
      [
        15,
        2,
        0.9999411865017109
      ],
      [
        15,
        3,
        1.3428901245967002
      ],
      [
        15,
        4,
        1.0246128050279777
      ],
      [
        15,
        5,
        1.4220178257427
      ],
      [
        15,
        6,
        1.467400270127927
      ],
      [
        15,
        7,
        1.046991214816832
      ],
      [
        15,
        8,
        1.0419575170208792
      ],
      [
        15,
        9,
        1.0405794188065984
      ],
      [
        15,
        10,
        0.9898190645484517
      ],
      [
        15,
        11,
        1.0053046838902184
      ],
      [
        15,
        12,
        1.4618655239834
      ],
      [
        15,
        13,
        0.9793175040290896
      ],
      [
        8,
        1,
        1.0018717001575943
