{
  "axis_y_labels": [
    0,
    1,
    2,
    3,
    4,
    5,
    6,
    7,
    8,
    9,
    10,
    11,
    12,
    13
  ],
  "table": {
    "0": [
      [
        19,
        1,
        0.9917537014092276
      ],
      [
        19,
        2,
        0.9842456933034012
      ],
      [
        19,
        3,
        0.9587267342467073
      ],
      [
        19,
        4,
        1.0248734817839817
      ],
      [
        19,
        5,
        1.0228417273209844
      ],
      [
        19,
        6,
        0.9722314602029256
      ],
      [
        19,
        7,
        1.0162731817519595
      ],
      [
        19,
        8,
        0.9864134802502663
      ],
      [
        19,
        9,
        1.011636304359005
      ],
      [
        19,
        10,
        0.9935304174382393
      ],
      [
        19,
        11,
        0.9932166617243072
      ],
      [
        19,
        12,
        0.921365838668279
      ],
      [
        19,
        13,
        0.952239646081564
      ],
      [
        20,
        1,
        0.9912770141871571
      ],
      [
        20,
        2,
        0.9917232934737182
      ],
      [
        20,
        3,
        0.949669680844904
      ],
      [
        20,
        4,
        1.0097545771633978
      ],
      [
        20,
        5,
        1.002066993109574
      ],
      [
        20,
        6,
        0.9907669216195282
      ],
      [
        20,
        7,
        1.00466452901276
      ],
      [
        20,
        8,
        0.9644375402327191
      ],
      [
        20,
        9,
        0.998840447231885
      ],
      [
        20,
        10,
        0.9929189381977993
      ],
      [
        20,
        11,
        1.0010583698580071
      ],
      [
        20,
        12,
        0.9433058318173674
      ],
      [
        20,
        13,
        0.9745270081991523
      ],
      [
        2,
        1,
        0.8885616159058208
      ],
      [
        2,
        2,
        0.9934115428239825
      ],
      [
        2,
        3,
        0.8543266555159668
      ],
      [
        2,
        4,
        1.0102528657213476
      ],
      [
        2,
        5,
        1.0012310052936662
      ],
      [
        2,
        6,
        0.9763102540134417
      ],
      [
        2,
        7,
        0.9956812694214817
      ],
      [
        2,
        8,
        0.9754217555013265
      ],
      [
        2,
        9,
        0.9982213851461529
      ],
      [
        2,
        10,
        0.9795860109211444
      ],
      [
        2,
        11,
        0.9074821772960332
      ],
      [
        2,
        12,
        0.9419489091874861
      ],
      [
        2,
        13,
        0.9577710295555322
      ],
      [
        6,
        1,
        1.0027970144401819
      ],
      [
        6,
        2,
        0.9989920716628413
      ],
      [
        6,
        3,
        0.9610368314384402
      ],
      [
        6,
        4,
        1.0067933397378566
      ],
      [
        6,
        5,
        1.0026394268460874
      ],
      [
        6,
        6,
        0.9920047124184376
      ],
      [
        6,
        7,
        1.0060570005350686
      ],
      [
        6,
        8,
        0.9403424882363781
      ],
      [
        6,
        9,
        0.9739958135656471
      ],
      [
        6,
        10,
        0.8736042290843952
      ],
      [
        6,
        11,
        0.9975000592828713
      ],
      [
        6,
        12,
        0.9559950651098544
      ],
      [
        6,
        13,
        0.9852342784557752
      ],
      [
        1,
        1,
        0.912834363236456
      ],
      [
        1,
        2,
        0.9818507495275597
      ],
      [
        1,
        3,
        0.9815300669561152
      ],
      [
        1,
        4,
        1.0248192128040672
      ],
      [
        1,
        5,
        1.0474650758943223
      ],
      [
        1,
        6,
        0.998997728988859
      ],
      [
        1,
        7,
        1.0192618248389977
      ],
      [
        1,
        8,
        1.0454450364930437
      ],
      [
        1,
        9,
        1.0057381393080889
      ],
      [
        1,
        10,
        0.997382631489946
      ],
      [
        1,
        11,
        1.00126322652921
      ],
      [
        1,
        12,
        0.9376739522997446
      ],
      [
        1,
        13,
        0.9211426382028521
      ],
      [
        3,
        1,
        0.9978535684252609
      ],
      [
        3,
        2,
        0.9957443137310391
      ],
      [
        3,
        3,
        0.9575369144493397
      ],
      [
        3,
        4,
        1.0270039914026339
      ],
      [
        3,
        5,
        1.0254083910629652
      ],
      [
        3,
        6,
        1.0048362455947704
      ],
      [
        3,
        7,
        1.0235966389678277
      ],
      [
        3,
        8,
        0.9682716586586191
      ],
      [
        3,
        9,
        1.0160567181897664
      ],
      [
        3,
        10,
        1.0023213206711286
      ],
      [
        3,
        11,
        1.0112718559862526
      ],
      [
        3,
        12,
        0.9447334851881004
      ],
      [
        3,
        13,
        0.9783909730139878
      ],
      [
        5,
        1,
        0.9905903774199423
      ],
      [
        5,
        2,
        0.9690452691952416
      ],
      [
        5,
        3,
        0.9187576506084048
      ],
      [
        5,
        4,
        1.0111889797560023
      ],
      [
        5,
        5,
        1.0041425172337992
      ],
      [
        5,
        6,
        0.9856214361702508
      ],
      [
        5,
        7,
        1.0123386125041645
      ],
      [
        5,
        8,
        0.9614361083839529
      ],
      [
        5,
        9,
        1.0060334738303256
      ],
      [
        5,
        10,
        0.9846692862121057
      ],
      [
        5,
        11,
        1.0032036624683225
      ],
      [
        5,
        12,
        0.9409609992176439
      ],
      [
        5,
        13,
        0.9625958389670106
      ],
      [
        13,
        1,
        1.0044467103725636
      ],
      [
        13,
        2,
        0.9895417175653156
      ],
      [
        13,
        3,
        0.8590796687786753
      ],
      [
        13,
        4,
        1.0155783355298378
      ],
      [
        13,
        5,
        1.0236692637987599
      ],
      [
        13,
        6,
        0.9849292547151418
      ],
      [
        13,
        7,
        1.0151996299759039
      ],
      [
        13,
        8,
        0.9564903331951102
      ],
      [
        13,
        9,
        1.0114109104901752
      ],
      [
        13,
        10,
        0.9891113021571475
      ],
      [
        13,
        11,
        0.9990006951032557
      ],
      [
        13,
        12,
        0.9581435809201575
      ],
      [
        13,
        13,
        0.9645480181018631
      ],
      [
        15,
        1,
        0.9921011438915905
      ],
      [
        15,
        2,
        0.9887933054727802
      ],
      [
        15,
        3,
        0.9742104393400189
      ],
      [
        15,
        4,
        1.0337488689604228
      ],
      [
        15,
        5,
        1.0526339009326673
      ],
      [
        15,
        6,
        1.0032732557174369
      ],
      [
        15,
        7,
        1.0315322110660516
      ],
      [
        15,
        8,
        1.03048520312765
      ],
      [
        15,
        9,
        1.02103862372033
      ],
      [
        15,
        10,
        0.9988749015860542
      ],
      [
        15,
        11,
        1.0065784506671553
      ],
      [
        15,
        12,
        0.941518172196835
      ],
      [
        15,
        13,
        0.9506692036340173
      ],
      [
        8,
        1,
