{
  "axis_y_labels": [
    0,
    1,
    2,
    3,
    4,
    5,
    6,
    7,
    8,
    9,
    10,
    11,
    12,
    13
  ],
  "table": {
    "0": [
      [
        14,
        1,
        0.9654546810025513
      ],
      [
        14,
        2,
        0.9659112923305588
      ],
      [
        14,
        3,
        0.9930025866941901
      ],
      [
        14,
        4,
        1.0001172414486565
      ],
      [
        14,
        5,
        1.0203935074819133
      ],
      [
        14,
        6,
        1.108627676111559
      ],
      [
        14,
        7,
        1.020543214859905
      ],
      [
        14,
        8,
        0.9483663299377343
      ],
      [
        14,
        9,
        1.0196720313497767
      ],
      [
        14,
        10,
        1.3112608253643794
      ],
      [
        14,
        11,
        0.9768157508880844
      ],
      [
        14,
        12,
        0.9077949120375468
      ],
      [
        14,
        13,
        1.0580052973244816
      ],
      [
        4,
        1,
        0.9554450448430781
      ],
      [
        4,
        2,
        0.9598919942598904
      ],
      [
        4,
        3,
        0.9840768470817751
      ],
      [
        4,
        4,
        0.9949175354326332
      ],
      [
        4,
        5,
        1.0115690354101783
      ],
      [
        4,
        6,
        1.0937324604122787
      ],
      [
        4,
        7,
        1.0140978504684448
      ],
      [
        4,
        8,
        1.0123382083622974
      ],
      [
        4,
        9,
        1.0168138889609375
      ],
      [
        4,
        10,
        1.2968641473378508
      ],
      [
        4,
        11,
        0.9139702878562147
      ],
      [
        4,
        12,
        0.9043128066630817
      ],
      [
        4,
        13,
        1.0462008706259367
      ],
      [
        3,
        1,
        0.9584010108675072
      ],
      [
        3,
        2,
        0.9586603588499089
      ],
      [
        3,
        3,
        0.9847686149425277
      ],
      [
        3,
        4,
        0.9931742156809438
      ],
      [
        3,
        5,
        1.011490250696379
      ],
      [
        3,
        6,
        1.0882249623185176
      ],
      [
        3,
        7,
        1.0091718903502083
      ],
      [
        3,
        8,
        1.007870155386353
      ],
      [
        3,
        9,
        1.0184160222331253
      ],
      [
        3,
        10,
        1.282870055825767
      ],
      [
        3,
        11,
        0.961445104469884
      ],
      [
        3,
        12,
        0.9018078210059349
      ],
      [
        3,
        13,
        1.0395335604141518
      ],
      [
        19,
        1,
        0.9506934887450188
      ],
      [
        19,
        2,
        0.9556147508998388
      ],
      [
        19,
        3,
        0.9836729906785163
      ],
      [
        19,
        4,
        0.9971858859689344
      ],
      [
        19,
        5,
        1.0140592884148474
      ],
      [
        19,
        6,
        1.1016277335046767
      ],
      [
        19,
        7,
        1.0145381357880272
      ],
      [
        19,
        8,
        1.005795527861985
      ],
      [
        19,
        9,
        1.017682872088843
      ],
      [
        19,
        10,
        1.3030953262649356
      ],
      [
        19,
        11,
        0.9693042983079649
      ],
      [
        19,
        12,
        0.9024689881507181
      ],
      [
        19,
        13,
        1.049844056606696
      ],
      [
        20,
        1,
        0.9638402497547753
      ],
      [
        20,
        2,
        0.9588852888556774
      ],
      [
        20,
        3,
        0.9840107061120846
      ],
      [
        20,
        4,
        0.9888693567181979
      ],
      [
        20,
        5,
        1.016226168388214
      ],
      [
        20,
        6,
        1.1080523250822285
      ],
      [
        20,
        7,
        1.016145826592289
      ],
      [
        20,
        8,
        1.021427270420941
      ],
      [
        20,
        9,
        1.0190404256294927
      ],
      [
        20,
        10,
        1.2907688092122842
      ],
      [
        20,
        11,
        0.9731376506509444
      ],
      [
        20,
        12,
        0.908695606464227
      ],
      [
        20,
        13,
        1.054160154571625
      ],
      [
        8,
        1,
        0.9628649596621948
      ],
      [
        8,
        2,
        0.9616729060408467
      ],
      [
        8,
        3,
        0.983774652623356
      ],
      [
        8,
        4,
        0.9964956233180942
      ],
      [
        8,
        5,
        1.0175550683757693
      ],
      [
        8,
        6,
        1.0983181074076158
      ],
      [
        8,
        7,
        1.0173839438231302
      ],
      [
        8,
        8,
        1.0176143331518184
      ],
      [
        8,
        9,
        1.0219512364717602
      ],
      [
        8,
        10,
        1.3067760220192604
      ],
      [
        8,
        11,
        0.9756839214382288
      ],
      [
        8,
        12,
        0.8999454127040901
      ],
      [
        8,
        13,
        1.0483437912179785
      ],
      [
        7,
        1,
        0.9574414418812524
      ],
      [
        7,
        2,
        0.9574999648849705
      ],
      [
        7,
        3,
        0.9745695399236708
      ],
      [
        7,
        4,
        0.9962737293991764
      ],
      [
        7,
        5,
        1.008066281946094
      ],
      [
        7,
        6,
        1.0960892442295642
      ],
      [
        7,
        7,
        1.0062415722181626
      ],
      [
        7,
        8,
        1.012208483154415
      ],
      [
        7,
        9,
        1.0199240851618128
      ],
      [
        7,
        10,
        1.3006285716541421
      ],
      [
        7,
        11,
        0.964574955676977
      ],
      [
        7,
        12,
        0.9005578560397961
      ],
      [
        7,
        13,
        1.0439752791342312
      ],
      [
        6,
        1,
        0.967582518100237
      ],
      [
        6,
        2,
        0.96414629960231
      ],
      [
        6,
        3,
        0.9919598876224636
      ],
      [
        6,
        4,
        1.0012986665339332
      ],
      [
        6,
        5,
        1.0154825748665164
      ],
      [
        6,
        6,
        1.1062468265237586
      ],
      [
        6,
        7,
        1.0184961135230501
      ],
      [
        6,
        8,
        1.0231205700870394
      ],
      [
        6,
        9,
        1.02477106413505
      ],
      [
        6,
        10,
        1.296568410792309
      ],
      [
        6,
        11,
        0.9784762988731049
      ],
      [
        6,
        12,
        0.9121704582814966
      ],
      [
        6,
        13,
        1.0589402399107999
      ],
      [
        12,
        1,
        0.9598836053244962
      ],
      [
        12,
        2,
        0.9634520299742564
      ],
      [
        12,
        3,
        0.98753597676337
      ],
      [
        12,
        4,
        1.0009510357116118
      ],
      [
        12,
        5,
        1.020526150614878
      ],
      [
        12,
        6,
        1.1025764759142533
      ],
      [
        12,
        7,
        1.018329179870974
      ],
      [
        12,
        8,
        1.0176687336667758
      ],
      [
        12,
        9,
        1.0237203687850662
      ],
      [
        12,
        10,
        1.309841591297273
      ],
      [
        12,
        11,
        0.9692651773893228
      ],
      [
        12,
        12,
        0.9119481126774627
      ],
      [
        12,
        13,
        1.055219487049918
      ],
      [
        2,
        1,
        0.954919346705907
      ],
