{
  "axis_y_labels": [
    0,
    1,
    2,
    3,
    4,
    5,
    6,
    7,
    8,
    9,
    10,
    11,
    12,
    13
  ],
  "table": {
    "0": [
      [
        19,
        1,
        0.0
      ],
      [
        19,
        2,
        0.0
      ],
      [
        19,
        3,
        0.0
      ],
      [
        19,
        4,
        0.0
      ],
      [
        19,
        5,
        1.0400678256477915
      ],
      [
        19,
        6,
        1.2235256983990106
      ],
      [
        19,
        7,
        0.916524176144443
      ],
      [
        19,
        8,
        1.0158725997300164
      ],
      [
        19,
        9,
        0.9200696694101752
      ],
      [
        19,
        10,
        0.9923984942620859
      ],
      [
        19,
        11,
        1.0016435400553205
      ],
      [
        19,
        12,
        1.1751709582092114
      ],
      [
        19,
        13,
        0.8479086613919168
      ],
      [
        20,
        1,
        0.0
      ],
      [
        20,
        2,
        0.0
      ],
      [
        20,
        3,
        0.0
      ],
      [
        20,
        4,
        0.0
      ],
      [
        20,
        5,
        1.0348784498429668
      ],
      [
        20,
        6,
        1.2227329122768291
      ],
      [
        20,
        7,
        1.0382839742028773
      ],
      [
        20,
        8,
        1.0140938313065866
      ],
      [
        20,
        9,
        0.9229400267356981
      ],
      [
        20,
        10,
        0.9930896871960417
      ],
      [
        20,
        11,
        1.0008724996049905
      ],
      [
        20,
        12,
        1.17250410418063
      ],
      [
        20,
        13,
        0.8524804729166388
      ],
      [
        2,
        1,
        0.0
      ],
      [
        2,
        2,
        0.0
      ],
      [
        2,
        3,
        0.0
      ],
      [
        2,
        4,
        0.0
      ],
      [
        2,
        5,
        1.0271558726981564
      ],
      [
        2,
        6,
        1.223944497446574
      ],
      [
        2,
        7,
        1.0346840381720084
      ],
      [
        2,
        8,
        1.0236641620363462
      ],
      [
        2,
        9,
        0.9187240065200336
      ],
      [
        2,
        10,
        0.9915272705040022
      ],
      [
        2,
        11,
        0.9957054499109582
      ],
      [
        2,
        12,
        1.1788545211970058
      ],
      [
        2,
        13,
        0.8419543432787879
      ],
      [
        6,
        1,
        0.0
      ],
      [
        6,
        2,
        0.0
      ],
      [
        6,
        3,
        0.0
      ],
      [
        6,
        4,
        0.0
      ],
      [
        6,
        5,
        1.0373618814132555
      ],
      [
        6,
        6,
        1.2368758075980217
      ],
      [
        6,
        7,
        1.0271523724501628
      ],
      [
        6,
        8,
        1.0198295118118557
      ],
      [
        6,
        9,
        0.9256277369974896
      ],
      [
        6,
        10,
        0.9979239004884259
      ],
      [
        6,
        11,
        1.0044027615270208
      ],
      [
        6,
        12,
        1.1789871391175601
      ],
      [
        6,
        13,
        0.8557783214345409
      ],
      [
        1,
        1,
        0.0
      ],
      [
        1,
        2,
        0.0
      ],
      [
        1,
        3,
        0.0
      ],
      [
        1,
        4,
        0.0
      ],
      [
        1,
        5,
        1.0334140990026477
      ],
      [
        1,
        6,
        1.2201608965980015
      ],
      [
        1,
        7,
        1.036415388858977
      ],
      [
        1,
        8,
        1.020999645775872
      ],
      [
        1,
        9,
        0.9142805040849366
      ],
      [
        1,
        10,
        0.9806789536280553
      ],
      [
        1,
        11,
        0.9984173305797838
      ],
      [
        1,
        12,
        1.1790382304940394
      ],
      [
        1,
        13,
        0.8481637976677815
      ],
      [
        3,
        1,
        0.0
      ],
      [
        3,
        2,
        0.0
      ],
      [
        3,
        3,
        0.0
      ],
      [
        3,
        4,
        0.0
      ],
      [
        3,
        5,
        1.035952493780358
      ],
      [
        3,
        6,
        1.2263093864929584
      ],
      [
        3,
        7,
        1.0377650303981774
      ],
      [
        3,
        8,
        1.0222062230529358
      ],
      [
        3,
        9,
        0.9093922786340805
      ],
      [
        3,
        10,
        0.9901676907560198
      ],
      [
        3,
        11,
        0.9960244700878267
      ],
      [
        3,
        12,
        1.1681543605949662
      ],
      [
        3,
        13,
        0.8507656777476812
      ],
      [
        5,
        1,
        0.0
      ],
      [
        5,
        2,
        0.0
      ],
      [
        5,
        3,
        0.0
      ],
      [
        5,
        4,
        0.0
      ],
      [
        5,
        5,
        1.0377178235091518
      ],
      [
        5,
        6,
        1.2275240176420565
      ],
      [
        5,
        7,
        1.033891912160906
      ],
      [
        5,
        8,
        1.0205853544130514
      ],
      [
        5,
        9,
        0.9189419126106894
      ],
      [
        5,
        10,
        0.9907174161953596
      ],
      [
        5,
        11,
        0.9990406703209563
      ],
      [
        5,
        12,
        1.1697410523658849
      ],
      [
        5,
        13,
        0.8441439292841741
      ],
      [
        13,
        1,
        0.0
      ],
      [
        13,
        2,
        0.0
      ],
      [
        13,
        3,
        0.0
      ],
      [
        13,
        4,
        0.0
      ],
      [
        13,
        5,
        1.0390242317950251
      ],
      [
        13,
        6,
        1.2351900461555427
      ],
      [
        13,
        7,
        1.0254785355652665
      ],
      [
        13,
        8,
        1.0341804847143645
      ],
      [
        13,
        9,
        0.9308583454126974
      ],
      [
        13,
        10,
        0.9971072347306075
      ],
      [
        13,
        11,
        1.0106062399618123
      ],
      [
        13,
        12,
        1.1834401100795762
      ],
      [
        13,
        13,
        0.8560986436878926
      ],
      [
        15,
        1,
        0.0
      ],
      [
        15,
        2,
        0.0
      ],
      [
        15,
        3,
        0.0
      ],
      [
        15,
        4,
        0.0
      ],
      [
        15,
        5,
        1.0333018849070439
      ],
      [
        15,
        6,
        1.2257442805876244
      ],
      [
        15,
        7,
        1.0358948720365646
      ],
      [
        15,
        8,
        1.0254175866759467
      ],
      [
        15,
        9,
        0.9226306106459028
      ],
      [
        15,
        10,
        0.994222583475429
      ],
      [
        15,
        11,
        1.008691359152846
      ],
      [
        15,
        12,
        1.1736595487775918
      ],
      [
        15,
        13,
        0.8478086642044113
      ],
      [
        8,
        1,
        0.0
      ],
      [
        8,
        2,
        0.0
      ],
      [
        8,
        3,
        0.0
      ],
      [
        8,
        4,
        0.0
      ],
      [
        8,
        5,
        1.035611750132196
      ],
      [
        8,
        6,
        1.2339079217578288
      ],
      [
        8,
        7,
        1.0348278156888429
      ],
      [
        8,
        8,
        1.024393750804531
      ],
      [
        8,
        9,
        0.9194682790844007
      ],
      [
        8,
        10,
