{
  "axis_y_labels": [
    0,
    1,
    2,
    3,
    4,
    5,
    6,
    7,
    8,
    9,
    10,
    11,
    12,
    13
  ],
  "table": {
    "0": [
      [
        4,
        1,
        1.0308360142155242
      ],
      [
        4,
        2,
        1.0280406203939823
      ],
      [
        4,
        3,
        1.044125598977833
      ],
      [
        4,
        4,
        1.0450117008641842
      ],
      [
        4,
        5,
        1.080034530692777
      ],
      [
        4,
        6,
        0.872233472656472
      ],
      [
        4,
        7,
        1.0784111252958486
      ],
      [
        4,
        8,
        1.0314654657567037
      ],
      [
        4,
        9,
        1.0653780596194262
      ],
      [
        4,
        10,
        1.224974941023391
      ],
      [
        4,
        11,
        1.0331383234454015
      ],
      [
        4,
        12,
        0.7543908299415618
      ],
      [
        4,
        13,
        1.222393252385911
      ],
      [
        10,
        1,
        1.04739910011204
      ],
      [
        10,
        2,
        1.0443290792984774
      ],
      [
        10,
        3,
        1.0456465323117212
      ],
      [
        10,
        4,
        1.0582460165920253
      ],
      [
        10,
        5,
        1.079554839242486
      ],
      [
        10,
        6,
        0.8066384612492081
      ],
      [
        10,
        7,
        1.0798897401928536
      ],
      [
        10,
        8,
        1.0455299029681713
      ],
      [
        10,
        9,
        1.065257696527152
      ],
      [
        10,
        10,
        1.2221883783578469
      ],
      [
        10,
        11,
        1.0562492503677143
      ],
      [
        10,
        12,
        0.7090161451003872
      ],
      [
        10,
        13,
        1.2172408412214055
      ],
      [
        18,
        1,
        1.054804698147019
      ],
      [
        18,
        2,
        1.0548843396208114
      ],
      [
        18,
        3,
        1.0365606277011712
      ],
      [
        18,
        4,
        1.0701166294040725
      ],
      [
        18,
        5,
        1.071942937582773
      ],
      [
        18,
        6,
        0.788559573900429
      ],
      [
        18,
        7,
        1.0708846530290077
      ],
      [
        18,
        8,
        1.0488246315744023
      ],
      [
        18,
        9,
        1.0575767678635108
      ],
      [
        18,
        10,
        1.1905072478280898
      ],
      [
        18,
        11,
        1.0630533682813403
      ],
      [
        18,
        12,
        0.7003406440697563
      ],
      [
        18,
        13,
        1.184830038341498
      ],
      [
        16,
        1,
        1.0193735948547515
      ],
      [
        16,
        2,
        1.0194503033869609
      ],
      [
        16,
        3,
        1.0434102195756776
      ],
      [
        16,
        4,
        1.038849457630779
      ],
      [
        16,
        5,
        1.080316103969925
      ],
      [
        16,
        6,
        0.9312045157205273
      ],
      [
        16,
        7,
        1.0805916563286633
      ],
      [
        16,
        8,
        1.02484053488783
      ],
      [
        16,
        9,
        1.0701318798564639
      ],
      [
        16,
        10,
        1.2192402226990091
      ],
      [
        16,
        11,
        1.016802966501005
      ],
      [
        16,
        12,
        0.7996635454642762
      ],
      [
        16,
        13,
        1.2320676863821398
      ],
      [
        6,
        1,
        1.059703483717
      ],
      [
        6,
        2,
        1.059569647743715
      ],
      [
        6,
        3,
        1.0329400433681908
      ],
      [
        6,
        4,
        1.0729517435250109
      ],
      [
        6,
        5,
        1.0612769131445974
      ],
      [
        6,
        6,
        0.7891193960914442
      ],
      [
        6,
        7,
        1.0578521737850128
      ],
      [
        6,
        8,
        1.0648906062502563
      ],
      [
        6,
        9,
        1.0517101469692376
      ],
      [
        6,
        10,
        1.1672154571919573
      ],
      [
        6,
        11,
        1.0520802195906314
      ],
      [
        6,
        12,
        0.7053654207737788
      ],
      [
        6,
        13,
        1.1503611887121035
      ],
      [
        2,
        1,
        1.041234412221122
      ],
      [
        2,
        2,
        1.04134360431313
      ],
      [
        2,
        3,
        1.0294984619707057
      ],
      [
        2,
        4,
        1.0527241808545436
      ],
      [
        2,
        5,
        1.0650102054231847
      ],
      [
        2,
        6,
        0.8016599704765599
      ],
      [
        2,
        7,
        1.060459119427562
      ],
      [
        2,
        8,
        1.051525650652405
      ],
      [
        2,
        9,
        1.0530075722641994
      ],
      [
        2,
        10,
        1.1780811329726715
      ],
      [
        2,
        11,
        1.0472617978435843
      ],
      [
        2,
        12,
        0.7153363489229567
      ],
      [
        2,
        13,
        1.1707917397141037
      ],
      [
        20,
        1,
        1.0410500554623487
      ],
      [
        20,
        2,
        1.041039693499348
      ],
      [
        20,
        3,
        1.0319828434568592
      ],
      [
        20,
        4,
        1.0534478093606519
      ],
      [
        20,
        5,
        1.0633844002420674
      ],
      [
        20,
        6,
        0.813860974134799
      ],
      [
        20,
        7,
        1.0628852196782104
      ],
      [
        20,
        8,
        1.0624345794500403
      ],
      [
        20,
        9,
        1.0479201645965905
      ],
      [
        20,
        10,
        1.1612287948484383
      ],
      [
        20,
        11,
        1.0444879178278157
      ],
      [
        20,
        12,
        0.7297394410093995
      ],
      [
        20,
        13,
        1.1485682489406326
      ],
      [
        5,
        1,
        1.078810794501309
      ],
      [
        5,
        2,
        1.0718715814219788
      ],
      [
        5,
        3,
        1.0330295182804963
      ],
      [
        5,
        4,
        1.073668762120443
      ],
      [
        5,
        5,
        1.0713296929879332
      ],
      [
        5,
        6,
        0.7284882365491429
      ],
      [
        5,
        7,
        1.0685994342199319
      ],
      [
        5,
        8,
        1.0687765357008077
      ],
      [
        5,
        9,
        1.0475970888976123
      ],
      [
        5,
        10,
        1.1875003958661325
      ],
      [
        5,
        11,
        1.0904322941374154
      ],
      [
        5,
        12,
        0.6576651531094295
      ],
      [
        5,
        13,
        1.1667638625814962
      ],
      [
        19,
        1,
        0.9937002043680978
      ],
      [
        19,
        2,
        0.998215276151221
      ],
      [
        19,
        3,
        1.0265447953023676
      ],
      [
        19,
        4,
        1.0197242512064817
      ],
      [
        19,
        5,
        1.0459490675371572
      ],
      [
        19,
        6,
        0.951659351340442
      ],
      [
        19,
        7,
        1.056261253624935
      ],
      [
        19,
        8,
        1.047489779917733
      ],
      [
        19,
        9,
        1.0529787089594036
      ],
      [
        19,
        10,
        1.1288692574683048
      ],
      [
        19,
        11,
        0.9980473494489535
      ],
      [
        19,
        12,
        0.8430411666929544
      ],
      [
        19,
        13,
        1.1392571479539237
      ],
      [
        15,
        1,
        1.0488443216930525
