{
  "axis_y_labels": [
    0,
    1,
    2,
    3,
    4,
    5,
    6,
    7,
    8,
    9,
    10,
    11,
    12,
    13
  ],
  "table": {
    "0": [
      [
        19,
        1,
        0.9957551425137396
      ],
      [
        19,
        2,
        0.9938949195166334
      ],
      [
        19,
        3,
        0.9993817920448996
      ],
      [
        19,
        4,
        1.3079059080034334
      ],
      [
        19,
        5,
        1.3209182772682375
      ],
      [
        19,
        6,
        1.2659310792426202
      ],
      [
        19,
        7,
        1.3282961718368176
      ],
      [
        19,
        8,
        1.2952080238750023
      ],
      [
        19,
        9,
        1.3087718697746946
      ],
      [
        19,
        10,
        0.9273367285286848
      ],
      [
        19,
        11,
        0.9996055634610274
      ],
      [
        19,
        12,
        0.9826289007092373
      ],
      [
        19,
        13,
        0.8614909526981094
      ],
      [
        20,
        1,
        0.9897525506875477
      ],
      [
        20,
        2,
        0.990266909018257
      ],
      [
        20,
        3,
        0.9903158760134635
      ],
      [
        20,
        4,
        1.2965182528237138
      ],
      [
        20,
        5,
        1.308616366292285
      ],
      [
        20,
        6,
        1.2574440900439785
      ],
      [
        20,
        7,
        1.3139610971070796
      ],
      [
        20,
        8,
        1.2772293655160702
      ],
      [
        20,
        9,
        1.2968590231830461
      ],
      [
        20,
        10,
        0.9208425323182488
      ],
      [
        20,
        11,
        0.9956581198584858
      ],
      [
        20,
        12,
        0.9785951081343057
      ],
      [
        20,
        13,
        0.8535887477835002
      ],
      [
        2,
        1,
        0.991619568686894
      ],
      [
        2,
        2,
        0.9895027109182635
      ],
      [
        2,
        3,
        0.9946037235103884
      ],
      [
        2,
        4,
        1.3049716985248327
      ],
      [
        2,
        5,
        1.3103294684149631
      ],
      [
        2,
        6,
        1.265756429823748
      ],
      [
        2,
        7,
        1.320314009131912
      ],
      [
        2,
        8,
        1.2847766507413214
      ],
      [
        2,
        9,
        1.2996108452429738
      ],
      [
        2,
        10,
        0.9255039540174398
      ],
      [
        2,
        11,
        0.9978223320155106
      ],
      [
        2,
        12,
        0.983104853361638
      ],
      [
        2,
        13,
        0.8542879568272668
      ],
      [
        6,
        1,
        0.985767129880683
      ],
      [
        6,
        2,
        0.989382610741048
      ],
      [
        6,
        3,
        0.9967191579178935
      ],
      [
        6,
        4,
        1.304435887327415
      ],
      [
        6,
        5,
        1.307449374878397
      ],
      [
        6,
        6,
        1.2656319148525312
      ],
      [
        6,
        7,
        1.3157052324283982
      ],
      [
        6,
        8,
        1.2830087538515726
      ],
      [
        6,
        9,
        1.3001493208550556
      ],
      [
        6,
        10,
        0.9251600670123505
      ],
      [
        6,
        11,
        0.9983352187361079
      ],
      [
        6,
        12,
        0.9779007054944977
      ],
      [
        6,
        13,
        0.8584953311156859
      ],
      [
        1,
        1,
        0.9935740663960813
      ],
      [
        1,
        2,
        0.9913547362628508
      ],
      [
        1,
        3,
        0.9951063467532156
      ],
      [
        1,
        4,
        1.2907081004665446
      ],
      [
        1,
        5,
        1.3035081256748802
      ],
      [
        1,
        6,
        1.2520478469702259
      ],
      [
        1,
        7,
        1.3111749730197424
      ],
      [
        1,
        8,
        1.2795988728455432
      ],
      [
        1,
        9,
        1.2935220964853258
      ],
      [
        1,
        10,
        0.9268721953310141
      ],
      [
        1,
        11,
        0.9998190357404414
      ],
      [
        1,
        12,
        0.9836895165117924
      ],
      [
        1,
        13,
        0.8625811815666338
      ],
      [
        3,
        1,
        0.9876145436200554
      ],
      [
        3,
        2,
        0.9873313674469194
      ],
      [
        3,
        3,
        0.9978623316431497
      ],
      [
        3,
        4,
        1.307211997127207
      ],
      [
        3,
        5,
        1.3150240641619808
      ],
      [
        3,
        6,
        1.256714397743896
      ],
      [
        3,
        7,
        1.3207279803650918
      ],
      [
        3,
        8,
        1.280661250885597
      ],
      [
        3,
        9,
        1.3038982602871065
      ],
      [
        3,
        10,
        0.9192309799514929
      ],
      [
        3,
        11,
        0.996822656609565
      ],
      [
        3,
        12,
        0.9770191185410513
      ],
      [
        3,
        13,
        0.8555502149018953
      ],
      [
        5,
        1,
        0.9920190210020402
      ],
      [
        5,
        2,
        0.9860014466885731
      ],
      [
        5,
        3,
        0.9985188614956563
      ],
      [
        5,
        4,
        1.3084416388460338
      ],
      [
        5,
        5,
        1.3085376484122961
      ],
      [
        5,
        6,
        1.2571762884829936
      ],
      [
        5,
        7,
        1.316404411172227
      ],
      [
        5,
        8,
        1.289419884184795
      ],
      [
        5,
        9,
        1.3069225316013342
      ],
      [
        5,
        10,
        0.9226364371681423
      ],
      [
        5,
        11,
        0.9985631294162683
      ],
      [
        5,
        12,
        0.9799492100586615
      ],
      [
        5,
        13,
        0.8563766877692606
      ],
      [
        13,
        1,
        0.9868327953234605
      ],
      [
        13,
        2,
        0.9854537266201723
      ],
      [
        13,
        3,
        0.9952805049900973
      ],
      [
        13,
        4,
        1.305852309249505
      ],
      [
        13,
        5,
        1.3133089746760378
      ],
      [
        13,
        6,
        1.2611110366325833
      ],
      [
        13,
        7,
        1.3228963116797123
      ],
      [
        13,
        8,
        1.28956154621768
      ],
      [
        13,
        9,
        1.3049674231059127
      ],
      [
        13,
        10,
        0.9219146534442396
      ],
      [
        13,
        11,
        0.9974833971875853
      ],
      [
        13,
        12,
        0.9793758630738404
      ],
      [
        13,
        13,
        0.8563427098555136
      ],
      [
        15,
        1,
        0.9905782091390215
      ],
      [
        15,
        2,
        0.9890760586192852
      ],
      [
        15,
        3,
        0.995912542747688
      ],
      [
        15,
        4,
        1.2970731094152497
      ],
      [
        15,
        5,
        1.3072495878499362
      ],
      [
        15,
        6,
        1.25425704742732
      ],
      [
        15,
        7,
        1.3063229380605599
      ],
      [
        15,
        8,
        1.2721783426906839
      ],
      [
        15,
        9,
        1.291716831997933
      ],
      [
        15,
        10,
        0.9268305881275574
      ],
      [
        15,
        11,
        0.999387380374847
      ],
      [
        15,
        12,
        0.9823228735874578
      ],
      [
        15,
        13,
        0.8599766476544058
      ],
      [
        8,
        1,
        0.9905215024171475
