{
  "axis_y_labels": [
    0,
    1,
    2,
    3,
    4,
    5,
    6,
    7,
    8,
    9,
    10,
    11,
    12,
    13
  ],
  "table": {
    "0": [
      [
        3,
        1,
        0.8167966196671284
      ],
      [
        3,
        2,
        0.7993651018943783
      ],
      [
        3,
        3,
        1.2626217891939773
      ],
      [
        3,
        4,
        0.9466660261019878
      ],
      [
        3,
        5,
        0.7853880656971692
      ],
      [
        3,
        6,
        0.8789433254895618
      ],
      [
        3,
        7,
        0.9486153941144388
      ],
      [
        3,
        8,
        0.6607140150216969
      ],
      [
        3,
        9,
        1.0574630211258877
      ],
      [
        3,
        10,
        1.034945759914808
      ],
      [
        3,
        11,
        0.7977503255463814
      ],
      [
        3,
        12,
        1.1809633409169558
      ],
      [
        3,
        13,
        1.00085123727044
      ],
      [
        4,
        1,
        0.7441520352566334
      ],
      [
        4,
        2,
        0.68857694974598
      ],
      [
        4,
        3,
        0.9352608266004528
      ],
      [
        4,
        4,
        1.0113208132181521
      ],
      [
        4,
        5,
        0.896997758899845
      ],
      [
        4,
        6,
        0.9566625187894524
      ],
      [
        4,
        7,
        0.8462543020162544
      ],
      [
        4,
        8,
        0.909116489645842
      ],
      [
        4,
        9,
        0.6679116098847337
      ],
      [
        4,
        10,
        0.6689008306677952
      ],
      [
        4,
        11,
        0.8368047413850835
      ],
      [
        4,
        12,
        0.9871859337579951
      ],
      [
        4,
        13,
        0.9561828714900471
      ],
      [
        1,
        1,
        0.9692905400334519
      ],
      [
        1,
        2,
        0.9501685650454551
      ],
      [
        1,
        3,
        0.7471516916022811
      ],
      [
        1,
        4,
        0.9297038637645828
      ],
      [
        1,
        5,
        0.7875869392689908
      ],
      [
        1,
        6,
        0.7378941424000214
      ],
      [
        1,
        7,
        0.7385230856905549
      ],
      [
        1,
        8,
        0.7479115639224629
      ],
      [
        1,
        9,
        0.6680084210536811
      ],
      [
        1,
        10,
        0.9522894822964966
      ],
      [
        1,
        11,
        0.8900107683379315
      ],
      [
        1,
        12,
        0.7876694623583858
      ],
      [
        1,
        13,
        0.9379676638274232
      ],
      [
        2,
        1,
        0.7917305399797119
      ],
      [
        2,
        2,
        0.8620784976182152
      ],
      [
        2,
        3,
        0.6302733765811036
      ],
      [
        2,
        4,
        0.6577240962756875
      ],
      [
        2,
        5,
        0.651101009957482
      ],
      [
        2,
        6,
        0.6019272817244478
      ],
      [
        2,
        7,
        0.8804590430391335
      ],
      [
        2,
        8,
        0.6601973721641086
      ],
      [
        2,
        9,
        0.5963309644620506
      ],
      [
        2,
        10,
        0.7924314708736783
      ],
      [
        2,
        11,
        0.8093634841560252
      ],
      [
        2,
        12,
        0.7071730541648341
      ],
      [
        2,
        13,
        0.5301845305965315
      ],
      [
        6,
        1,
        0.7878833378913477
      ],
      [
        6,
        2,
        0.6134944037387428
      ],
      [
        6,
        3,
        0.8718929990504787
      ],
      [
        6,
        4,
        0.6920341152084086
      ],
      [
        6,
        5,
        1.0401027119363255
      ],
      [
        6,
        6,
        0.9595242088749271
      ],
      [
        6,
        7,
        0.7866718431986418
      ],
      [
        6,
        8,
        0.7954855638873549
      ],
      [
        6,
        9,
        1.0691955179816557
      ],
      [
        6,
        10,
        0.9300532613207809
      ],
      [
        6,
        11,
        1.0024099230015637
      ],
      [
        6,
        12,
        1.0188602083122147
      ],
      [
        6,
        13,
        1.0050787773893946
      ],
      [
        7,
        1,
        1.003004063362378
      ],
      [
        7,
        2,
        1.0995115716833057
      ],
      [
        7,
        3,
        0.8871790015282489
      ],
      [
        7,
        4,
        0.8102343535947871
      ],
      [
        7,
        5,
        0.898868960316245
      ],
      [
        7,
        6,
        0.7944894775297165
      ],
      [
        7,
        7,
        0.8850983336065754
      ],
      [
        7,
        8,
        0.8733834077161589
      ],
      [
        7,
        9,
        0.7999170546769583
      ],
      [
        7,
        10,
        0.7677603023551373
      ],
      [
        7,
        11,
        0.7404706927376591
      ],
      [
        7,
        12,
        0.9233956181459935
      ],
      [
        7,
        13,
        0.94828542555224
      ],
      [
        5,
        1,
        0.9295895866889164
      ],
      [
        5,
        2,
        0.9256231315883889
      ],
      [
        5,
        3,
        0.9703452985970042
      ],
      [
        5,
        4,
        1.0442728504587377
      ],
      [
        5,
        5,
        0.8589365387005182
      ],
      [
        5,
        6,
        1.288550240745568
      ],
      [
        5,
        7,
        1.0320796784466526
      ],
      [
        5,
        8,
        1.2552322470244799
      ],
      [
        5,
        9,
        1.0683634745578539
      ],
      [
        5,
        10,
        0.8686433747558169
      ],
      [
        5,
        11,
        0.9535738551720354
      ],
      [
        5,
        12,
        0.6117508371001322
      ],
      [
        5,
        13,
        0.8631203131618559
      ]
    ]
  }
}
