{
  "axis_y_labels": [
    0,
    1,
    2,
    3,
    4,
    5,
    6,
    7,
    8,
    9,
    10,
    11,
    12,
    13
  ],
  "table": {
    "0": [
      [
        4,
        1,
        1.0569425633201945
      ],
      [
        4,
        2,
        1.0582508021690662
      ],
      [
        4,
        3,
        1.0524223482759176
      ],
      [
        4,
        4,
        0.9878596393672994
      ],
      [
        4,
        5,
        0.9729979996669893
      ],
      [
        4,
        6,
        0.8559539776120677
      ],
      [
        4,
        7,
        0.9820138037645548
      ],
      [
        4,
        8,
        0.9518442357380724
      ],
      [
        4,
        9,
        0.97493891337405
      ],
      [
        4,
        10,
        0.9965032982947596
      ],
      [
        4,
        11,
        0.9800871057735291
      ],
      [
        4,
        12,
        0.7761447718924761
      ],
      [
        4,
        13,
        1.0292350146374238
      ],
      [
        10,
        1,
        1.060996012177975
      ],
      [
        10,
        2,
        1.0652779121421467
      ],
      [
        10,
        3,
        1.054489002103394
      ],
      [
        10,
        4,
        0.9918018697709755
      ],
      [
        10,
        5,
        0.9659067309454599
      ],
      [
        10,
        6,
        0.8465594973940272
      ],
      [
        10,
        7,
        0.9795151797918794
      ],
      [
        10,
        8,
        0.952139696064761
      ],
      [
        10,
        9,
        0.9686425693515248
      ],
      [
        10,
        10,
        0.9958760110076855
      ],
      [
        10,
        11,
        0.9792312667237074
      ],
      [
        10,
        12,
        0.7603371561753369
      ],
      [
        10,
        13,
        1.0359096603072044
      ],
      [
        18,
        1,
        1.064869150472758
      ],
      [
        18,
        2,
        1.0584498246732261
      ],
      [
        18,
        3,
        1.0492180487835547
      ],
      [
        18,
        4,
        1.0010552638533243
      ],
      [
        18,
        5,
        0.9686979086042968
      ],
      [
        18,
        6,
        0.8369432401938325
      ],
      [
        18,
        7,
        0.9730138685366047
      ],
      [
        18,
        8,
        0.964140879741723
      ],
      [
        18,
        9,
        0.9659212224982424
      ],
      [
        18,
        10,
        0.9988780375107638
      ],
      [
        18,
        11,
        0.9848657352742013
      ],
      [
        18,
        12,
        0.7474041580459451
      ],
      [
        18,
        13,
        1.0505461629213568
      ],
      [
        16,
        1,
        1.0702152685607644
      ],
      [
        16,
        2,
        1.0706830038445125
      ],
      [
        16,
        3,
        1.054934488198056
      ],
      [
        16,
        4,
        0.9889569677820508
      ],
      [
        16,
        5,
        0.9871879295800844
      ],
      [
        16,
        6,
        0.8806446824713497
      ],
      [
        16,
        7,
        0.996148139672896
      ],
      [
        16,
        8,
        0.9522709904303913
      ],
      [
        16,
        9,
        0.9907282713325057
      ],
      [
        16,
        10,
        1.0000445149186892
      ],
      [
        16,
        11,
        0.980273694174453
      ],
      [
        16,
        12,
        0.8128519109700604
      ],
      [
        16,
        13,
        1.009728378641284
      ],
      [
        6,
        1,
        1.0632709400911002
      ],
      [
        6,
        2,
        1.0607503450643954
      ],
      [
        6,
        3,
        1.0534644788133616
      ],
      [
        6,
        4,
        0.9999304032630644
      ],
      [
        6,
        5,
        0.9608148683502
      ],
      [
        6,
        6,
        0.8322643392675934
      ],
      [
        6,
        7,
        0.9719242711733629
      ],
      [
        6,
        8,
        0.9612629248745154
      ],
      [
        6,
        9,
        0.9624526240864256
      ],
      [
        6,
        10,
        0.9957773776010499
      ],
      [
        6,
        11,
        0.990469101140421
      ],
      [
        6,
        12,
        0.7425289655515885
      ],
      [
        6,
        13,
        1.0566498285007355
      ],
      [
        2,
        1,
        1.053092336127181
      ],
      [
        2,
        2,
        1.0532959086554405
      ],
      [
        2,
        3,
        1.0506447161839965
      ],
      [
        2,
        4,
        0.9905295286625141
      ],
      [
        2,
        5,
        0.9663686881236241
      ],
      [
        2,
        6,
        0.8526490051795333
      ],
      [
        2,
        7,
        0.9761867353712608
      ],
      [
        2,
        8,
        0.9578455602015932
      ],
      [
        2,
        9,
        0.9732729591165341
      ],
      [
        2,
        10,
        1.0001088276814498
      ],
      [
        2,
        11,
        0.9909002889009104
      ],
      [
        2,
        12,
        0.7777698757431556
      ],
      [
        2,
        13,
        1.0314245500163657
      ],
      [
        20,
        1,
        1.0563053746271287
      ],
      [
        20,
        2,
        1.0636453281999487
      ],
      [
        20,
        3,
        1.0548871393016435
      ],
      [
        20,
        4,
        0.9928615242299954
      ],
      [
        20,
        5,
        0.9695190003747789
      ],
      [
        20,
        6,
        0.84585578597834
      ],
      [
        20,
        7,
        0.9769930796329926
      ],
      [
        20,
        8,
        0.9565386657723072
      ],
      [
        20,
        9,
        0.9687404496977249
      ],
      [
        20,
        10,
        0.9979456365903977
      ],
      [
        20,
        11,
        0.9823591888781592
      ],
      [
        20,
        12,
        0.7602763967059655
      ],
      [
        20,
        13,
        1.0386798244677755
      ],
      [
        5,
        1,
        1.0634772165040092
      ],
      [
        5,
        2,
        1.0627126310128876
      ],
      [
        5,
        3,
        1.048021045064508
      ],
      [
        5,
        4,
        1.001721554185766
      ],
      [
        5,
        5,
        0.9615703251984702
      ],
      [
        5,
        6,
        0.8337852774634522
      ],
      [
        5,
        7,
        0.9732277357177749
      ],
      [
        5,
        8,
        0.9656039611484952
      ],
      [
        5,
        9,
        0.9614686922122918
      ],
      [
        5,
        10,
        1.0000969365069303
      ],
      [
        5,
        11,
        0.9972164741596531
      ],
      [
        5,
        12,
        0.7448011027637527
      ],
      [
        5,
        13,
        1.059108287272394
      ],
      [
        19,
        1,
        1.0601997597563486
      ],
      [
        19,
        2,
        1.060561897568317
      ],
      [
        19,
        3,
        1.0506879412516688
      ],
      [
        19,
        4,
        0.9958116442497359
      ],
      [
        19,
        5,
        0.9808613732961039
      ],
      [
        19,
        6,
        0.8726557719903367
      ],
      [
        19,
        7,
        0.9843150547928394
      ],
      [
        19,
        8,
        0.9628502540218676
      ],
      [
        19,
        9,
        0.9800285129475909
      ],
      [
        19,
        10,
        1.0011690710985317
      ],
      [
        19,
        11,
        0.9958801748054302
      ],
      [
        19,
        12,
        0.7979528346215106
      ],
      [
        19,
        13,
        1.0341577771313717
      ],
      [
        15,
        1,
