{
  "axis_y_labels": [
    0,
    1,
    2,
    3,
    4,
    5,
    6,
    7,
    8,
    9,
    10,
    11,
    12,
    13
  ],
  "table": {
    "0": [
      [
        2,
        1,
        1.0015687470175705
      ],
      [
        2,
        2,
        0.6659413747590296
      ],
      [
        2,
        3,
        0.7859379100663499
      ],
      [
        2,
        4,
        0.6643292184117917
      ],
      [
        2,
        5,
        0.8203810257252611
      ],
      [
        2,
        6,
        0.7109958728658443
      ],
      [
        2,
        7,
        0.9033218912873845
      ],
      [
        2,
        8,
        0.8240069360125213
      ],
      [
        2,
        9,
        0.8518746783359363
      ],
      [
        2,
        10,
        0.6693124565591477
      ],
      [
        2,
        11,
        0.778044728438835
      ],
      [
        2,
        12,
        0.6635579417770433
      ],
      [
        2,
        13,
        0.7405146165732029
      ],
      [
        6,
        1,
        0.9302697500379297
      ],
      [
        6,
        2,
        1.0716473888679552
      ],
      [
        6,
        3,
        1.0639047057248563
      ],
      [
        6,
        4,
        0.9677341459197831
      ],
      [
        6,
        5,
        0.9680122993860637
      ],
      [
        6,
        6,
        0.9596037353503604
      ],
      [
        6,
        7,
        1.0756161343701875
      ],
      [
        6,
        8,
        1.0532696545968672
      ],
      [
        6,
        9,
        1.0482728250512099
      ],
      [
        6,
        10,
        0.9768711976580619
      ],
      [
        6,
        11,
        1.0580120493149934
      ],
      [
        6,
        12,
        0.9034537052487793
      ],
      [
        6,
        13,
        0.9619155570234179
      ],
      [
        14,
        1,
        1.0217903312507586
      ],
      [
        14,
        2,
        0.8988171390640477
      ],
      [
        14,
        3,
        0.9475462856078967
      ],
      [
        14,
        4,
        1.014503908051524
      ],
      [
        14,
        5,
        1.0153381249280513
      ],
      [
        14,
        6,
        0.9284183642999919
      ],
      [
        14,
        7,
        1.0212353057019832
      ],
      [
        14,
        8,
        1.0064209954528602
      ],
      [
        14,
        9,
        0.990508078098976
      ],
      [
        14,
        10,
        1.0019071525667895
      ],
      [
        14,
        11,
        1.0081942041646241
      ],
      [
        14,
        12,
        0.8827201839311026
      ],
      [
        14,
        13,
        1.0030691345533964
      ],
      [
        10,
        1,
        0.8486453845316974
      ],
      [
        10,
        2,
        0.8142718969721856
      ],
      [
        10,
        3,
        0.7403129091607619
      ],
      [
        10,
        4,
        0.8035238826437905
      ],
      [
        10,
        5,
        1.0080107458342793
      ],
      [
        10,
        6,
        0.943728528889113
      ],
      [
        10,
        7,
        1.0055359018495271
      ],
      [
        10,
        8,
        0.9079136937258473
      ],
      [
        10,
        9,
        0.6955364233613851
      ],
      [
        10,
        10,
        0.8495661881476125
      ],
      [
        10,
        11,
        0.7898727293459289
      ],
      [
        10,
        12,
        0.7521131081609411
      ],
      [
        10,
        13,
        0.7264655096378829
      ],
      [
        3,
        1,
        0.7034688128879297
      ],
      [
        3,
        2,
        0.7855828336622542
      ],
      [
        3,
        3,
        1.0778707421769333
      ],
      [
        3,
        4,
        1.090849361011531
      ],
      [
        3,
        5,
        1.048799533590634
      ],
      [
        3,
        6,
        0.9305036810597185
      ],
      [
        3,
        7,
        1.082088279778084
      ],
      [
        3,
        8,
        0.9233758192799693
      ],
      [
        3,
        9,
        0.9141826196216364
      ],
      [
        3,
        10,
        0.8062111073502227
      ],
      [
        3,
        11,
        1.055784084267283
      ],
      [
        3,
        12,
        0.9356309859534411
      ],
      [
        3,
        13,
        0.9925338877301115
      ],
      [
        11,
        1,
        1.0151218349655882
      ],
      [
        11,
        2,
        1.025160144564599
      ],
      [
        11,
        3,
        0.9954947876123308
      ],
      [
        11,
        4,
        1.0103068627599334
      ],
      [
        11,
        5,
        1.0081736089662914
      ],
      [
        11,
        6,
        0.9493903840124477
      ],
      [
        11,
        7,
        0.9245583084798757
      ],
      [
        11,
        8,
        1.1082855515798529
      ],
      [
        11,
        9,
        0.9969259468116798
      ],
      [
        11,
        10,
        1.0069137008223996
      ],
      [
        11,
        11,
        0.9184447316988078
      ],
      [
        11,
        12,
        0.8960079920514196
      ],
      [
        11,
        13,
        0.989737192908361
      ],
      [
        18,
        1,
        1.1232056828034127
      ],
      [
        18,
        2,
        1.0237490166973817
      ],
      [
        18,
        3,
        0.9568497427319559
      ],
      [
        18,
        4,
        0.8749440367556394
      ],
      [
        18,
        5,
        1.0045450578164359
      ],
      [
        18,
        6,
        0.9336130969154677
      ],
      [
        18,
        7,
        1.0907504111035344
      ],
      [
        18,
        8,
        1.359856931673936
      ],
      [
        18,
        9,
        1.3173788765314947
      ],
      [
        18,
        10,
        1.015469817381987
      ],
      [
        18,
        11,
        0.9759622715381782
      ],
      [
        18,
        12,
        1.0584364701337747
      ],
      [
        18,
        13,
        1.0038436745915222
      ],
      [
        20,
        1,
        1.0114410480879605
      ],
      [
        20,
        2,
        1.2878360388924335
      ],
      [
        20,
        3,
        1.1498415001371256
      ],
      [
        20,
        4,
        1.1291182827863602
      ],
      [
        20,
        5,
        1.2849297049862969
      ],
      [
        20,
        6,
        1.1524969724041687
      ],
      [
        20,
        7,
        1.268599392257438
      ],
      [
        20,
        8,
        1.1244033633713086
      ],
      [
        20,
        9,
        0.9794820330229328
      ],
      [
        20,
        10,
        1.2662781751472774
      ],
      [
        20,
        11,
        1.2603337146799884
      ],
      [
        20,
        12,
        1.0960133890721555
      ],
      [
        20,
        13,
        0.9964344720339928
      ],
      [
        17,
        1,
        1.0803555095770712
      ],
      [
        17,
        2,
        1.2789844301850635
      ],
      [
        17,
        3,
        1.4903700841277443
      ],
      [
        17,
        4,
        1.219541651013344
      ],
      [
        17,
        5,
        1.0060838983107663
      ],
      [
        17,
        6,
        1.057499626563402
      ],
      [
        17,
        7,
        1.4823233003530312
      ],
      [
        17,
        8,
        1.2864183772606597
      ],
      [
        17,
        9,
        1.2647044213918386
      ],
      [
        17,
        10,
        1.1438398302390305
      ],
      [
        17,
        11,
        1.2253287579258147
      ],
      [
        17,
        12,
        1.0271685995965059
      ],
      [
        17,
        13,
        0.8914682400919024
      ],
      [
        16,
